design,era,time,strategy,fpn1,fpn2,mau1,mau2,cash_flow,acq_cost,npv,fpn1_avg,fpn1_vol,fpn2_avg,fpn2_vol,cash_avg,cash_vol
1,1,1,1,101,101,0,0,-132.19,163.92,210.9,37.033,202,37.033,202,19.995,449.99
1,1,2,1,0,0,0.45688,0.45688,13.071,163.92,210.9,37.033,202,37.033,202,19.995,449.99
1,1,3,1,0,0,0.5,0.5,18.732,163.92,210.9,37.033,202,37.033,202,19.995,449.99
1,1,4,1,0,0,0.45688,0.45688,50.889,163.92,210.9,37.033,202,37.033,202,19.995,449.99
1,1,5,1,0,0,0.45688,0.45688,60.889,163.92,210.9,37.033,202,37.033,202,19.995,449.99
1,1,6,1,0,0,0.45688,0.45688,60.889,163.92,210.9,37.033,202,37.033,202,19.995,449.99
1,1,7,1,0,0,0.45688,0.45688,60.889,163.92,210.9,37.033,202,37.033,202,19.995,449.99
1,1,8,1,0,0,0.45688,0.45688,60.889,163.92,210.9,37.033,202,37.033,202,19.995,449.99
1,1,9,1,0,0,0.48712,0.48712,41.219,163.92,210.9,37.033,202,37.033,202,19.995,449.99
1,1,10,1,0,0,0.46987,0.46987,42.763,163.92,210.9,37.033,202,37.033,202,19.995,449.99
1,1,11,1,0,0,0.45688,0.45688,48.229,163.92,210.9,37.033,202,37.033,202,19.995,449.99
1,1,12,1,0,0,0.45688,0.45688,59.229,163.92,210.9,37.033,202,37.033,202,19.995,449.99
1,1,13,1,0,0,0.45688,0.45688,59.229,163.92,210.9,37.033,202,37.033,202,19.995,449.99
1,1,14,1,0,0,0.45688,0.45688,59.229,163.92,210.9,37.033,202,37.033,202,19.995,449.99
1,1,15,1,0,0,0.45688,0.45688,59.229,163.92,210.9,37.033,202,37.033,202,19.995,449.99
1,1,16,1,0,0,0.40709,0.40709,-56.665,163.92,210.9,37.033,202,37.033,202,19.995,449.99
1,1,17,1,0,0,0.40709,0.40709,23.335,163.92,210.9,37.033,202,37.033,202,19.995,449.99
1,1,18,1,0,0,0.40709,0.40709,23.335,163.92,210.9,37.033,202,37.033,202,19.995,449.99
1,1,19,1,0,0,0.40709,0.40709,23.335,163.92,210.9,37.033,202,37.033,202,19.995,449.99
1,1,20,1,0,0,0.40709,0.40709,23.335,163.92,210.9,37.033,202,37.033,202,19.995,449.99
1,1,21,1,101,101,0,0,0,163.92,210.9,37.033,202,37.033,202,19.995,449.99
1,1,22,1,101,101,0,0,0,163.92,210.9,37.033,202,37.033,202,19.995,449.99
1,1,23,1,101,101,0,0,0,163.92,210.9,37.033,202,37.033,202,19.995,449.99
1,1,24,1,101,101,0,0,0,163.92,210.9,37.033,202,37.033,202,19.995,449.99
1,1,25,1,101,101,0,0,0,163.92,210.9,37.033,202,37.033,202,19.995,449.99
1,1,26,1,101,101,0,0,0,163.92,210.9,37.033,202,37.033,202,19.995,449.99
1,1,27,1,101,101,0,0,0,163.92,210.9,37.033,202,37.033,202,19.995,449.99
1,1,28,1,101,101,0,0,0,163.92,210.9,37.033,202,37.033,202,19.995,449.99
1,1,29,1,101,101,0,0,0,163.92,210.9,37.033,202,37.033,202,19.995,449.99
1,1,30,1,101,101,0,0,0,163.92,210.9,37.033,202,37.033,202,19.995,449.99
1,2,1,1,101,101,0,0,-132.19,163.92,4.3886,33.667,404,33.667,404,3.2445,339.09
1,2,2,1,0,0,0.47362,0.47362,55.398,163.92,4.3886,33.667,404,33.667,404,3.2445,339.09
1,2,3,1,0,0,0.48712,0.48712,41.219,163.92,4.3886,33.667,404,33.667,404,3.2445,339.09
1,2,4,1,0,0,0.5,0.5,10.684,163.92,4.3886,33.667,404,33.667,404,3.2445,339.09
1,2,5,1,0,0,0.5,0.5,10.684,163.92,4.3886,33.667,404,33.667,404,3.2445,339.09
1,2,6,1,0,0,0.5,0.5,10.684,163.92,4.3886,33.667,404,33.667,404,3.2445,339.09
1,2,7,1,0,0,0.5,0.5,10.684,163.92,4.3886,33.667,404,33.667,404,3.2445,339.09
1,2,8,1,0,0,0.5,0.5,10.684,163.92,4.3886,33.667,404,33.667,404,3.2445,339.09
1,2,9,1,0,0,0.5,0.5,5.9568,163.92,4.3886,33.667,404,33.667,404,3.2445,339.09
1,2,10,1,0,0,0.5,0.5,18.732,163.92,4.3886,33.667,404,33.667,404,3.2445,339.09
1,2,11,1,0,0,0.45688,0.45688,2.3443,163.92,4.3886,33.667,404,33.667,404,3.2445,339.09
1,2,12,1,101,101,0,0,0,163.92,4.3886,33.667,404,33.667,404,3.2445,339.09
1,2,13,1,0,0,0.42129,0.42129,-24.592,163.92,4.3886,33.667,404,33.667,404,3.2445,339.09
1,2,14,1,0,0,0.42129,0.42129,6.408,163.92,4.3886,33.667,404,33.667,404,3.2445,339.09
1,2,15,1,0,0,0.42129,0.42129,6.408,163.92,4.3886,33.667,404,33.667,404,3.2445,339.09
1,2,16,1,0,0,0.42129,0.42129,6.408,163.92,4.3886,33.667,404,33.667,404,3.2445,339.09
1,2,17,1,0,0,0.42129,0.42129,6.408,163.92,4.3886,33.667,404,33.667,404,3.2445,339.09
1,2,18,1,0,0,0.45688,0.45688,8.6835,163.92,4.3886,33.667,404,33.667,404,3.2445,339.09
1,2,19,1,0,0,0.45688,0.45688,10.684,163.92,4.3886,33.667,404,33.667,404,3.2445,339.09
1,2,20,1,0,0,0.45688,0.45688,10.684,163.92,4.3886,33.667,404,33.667,404,3.2445,339.09
1,2,21,1,0,0,0.45688,0.45688,10.684,163.92,4.3886,33.667,404,33.667,404,3.2445,339.09
1,2,22,1,0,0,0.45688,0.45688,10.684,163.92,4.3886,33.667,404,33.667,404,3.2445,339.09
1,2,23,1,101,101,0,0,0,163.92,4.3886,33.667,404,33.667,404,3.2445,339.09
1,2,24,1,101,101,0,0,0,163.92,4.3886,33.667,404,33.667,404,3.2445,339.09
1,2,25,1,101,101,0,0,0,163.92,4.3886,33.667,404,33.667,404,3.2445,339.09
1,2,26,1,101,101,0,0,0,163.92,4.3886,33.667,404,33.667,404,3.2445,339.09
1,2,27,1,101,101,0,0,0,163.92,4.3886,33.667,404,33.667,404,3.2445,339.09
1,2,28,1,101,101,0,0,0,163.92,4.3886,33.667,404,33.667,404,3.2445,339.09
1,2,29,1,101,101,0,0,0,163.92,4.3886,33.667,404,33.667,404,3.2445,339.09
1,2,30,1,101,101,0,0,0,163.92,4.3886,33.667,404,33.667,404,3.2445,339.09
1,3,1,1,101,101,0,0,-132.19,163.92,9.8798,33.667,202,33.667,202,6.981,530.39
1,3,2,1,0,0,0.5,0.5,22.119,163.92,9.8798,33.667,202,33.667,202,6.981,530.39
1,3,3,1,0,0,0.44873,0.44873,-10.316,163.92,9.8798,33.667,202,33.667,202,6.981,530.39
1,3,4,1,0,0,0.5,0.5,20.562,163.92,9.8798,33.667,202,33.667,202,6.981,530.39
1,3,5,1,0,0,0.28632,0.28632,-79.708,163.92,9.8798,33.667,202,33.667,202,6.981,530.39
1,3,6,1,0,0,0.28632,0.28632,52.292,163.92,9.8798,33.667,202,33.667,202,6.981,530.39
1,3,7,1,0,0,0.28632,0.28632,52.292,163.92,9.8798,33.667,202,33.667,202,6.981,530.39
1,3,8,1,0,0,0.28632,0.28632,52.292,163.92,9.8798,33.667,202,33.667,202,6.981,530.39
1,3,9,1,0,0,0.28632,0.28632,52.292,163.92,9.8798,33.667,202,33.667,202,6.981,530.39
1,3,10,1,0,0,0.44873,0.44873,20.459,163.92,9.8798,33.667,202,33.667,202,6.981,530.39
1,3,11,1,0,0,0.5,0.5,20.562,163.92,9.8798,33.667,202,33.667,202,6.981,530.39
1,3,12,1,0,0,0.45123,0.45123,17.156,163.92,9.8798,33.667,202,33.667,202,6.981,530.39
1,3,13,1,0,0,0.45123,0.45123,30.156,163.92,9.8798,33.667,202,33.667,202,6.981,530.39
1,3,14,1,0,0,0.45123,0.45123,30.156,163.92,9.8798,33.667,202,33.667,202,6.981,530.39
1,3,15,1,0,0,0.45123,0.45123,30.156,163.92,9.8798,33.667,202,33.667,202,6.981,530.39
1,3,16,1,0,0,0.45123,0.45123,30.156,163.92,9.8798,33.667,202,33.667,202,6.981,530.39
1,3,17,1,0,0,0.5,0.5,-0.60034,163.92,9.8798,33.667,202,33.667,202,6.981,530.39
1,3,18,1,0,0,0.5,0.5,0.39966,163.92,9.8798,33.667,202,33.667,202,6.981,530.39
1,3,19,1,0,0,0.5,0.5,0.39966,163.92,9.8798,33.667,202,33.667,202,6.981,530.39
1,3,20,1,0,0,0.5,0.5,0.39966,163.92,9.8798,33.667,202,33.667,202,6.981,530.39
1,3,21,1,0,0,0.5,0.5,0.39966,163.92,9.8798,33.667,202,33.667,202,6.981,530.39
1,3,22,1,101,101,0,0,0,163.92,9.8798,33.667,202,33.667,202,6.981,530.39
1,3,23,1,101,101,0,0,0,163.92,9.8798,33.667,202,33.667,202,6.981,530.39
1,3,24,1,101,101,0,0,0,163.92,9.8798,33.667,202,33.667,202,6.981,530.39
1,3,25,1,101,101,0,0,0,163.92,9.8798,33.667,202,33.667,202,6.981,530.39
1,3,26,1,101,101,0,0,0,163.92,9.8798,33.667,202,33.667,202,6.981,530.39
1,3,27,1,101,101,0,0,0,163.92,9.8798,33.667,202,33.667,202,6.981,530.39
1,3,28,1,101,101,0,0,0,163.92,9.8798,33.667,202,33.667,202,6.981,530.39
1,3,29,1,101,101,0,0,0,163.92,9.8798,33.667,202,33.667,202,6.981,530.39
1,3,30,1,101,101,0,0,0,163.92,9.8798,33.667,202,33.667,202,6.981,530.39
2,1,1,1,101,101,0,0,-229.84,210.41,135.79,37.033,202,37.033,202,15.867,597.76
2,1,2,1,0,0,0.33396,0.33396,31.815,210.41,135.79,37.033,202,37.033,202,15.867,597.76
2,1,3,1,0,0,0.33396,0.33396,54.815,210.41,135.79,37.033,202,37.033,202,15.867,597.76
2,1,4,1,0,0,0.33396,0.33396,54.815,210.41,135.79,37.033,202,37.033,202,15.867,597.76
2,1,5,1,0,0,0.33396,0.33396,54.815,210.41,135.79,37.033,202,37.033,202,15.867,597.76
2,1,6,1,0,0,0.33396,0.33396,54.815,210.41,135.79,37.033,202,37.033,202,15.867,597.76
2,1,7,1,0,0,0.45688,0.45688,58.229,210.41,135.79,37.033,202,37.033,202,15.867,597.76
2,1,8,1,0,0,0.45688,0.45688,59.229,210.41,135.79,37.033,202,37.033,202,15.867,597.76
2,1,9,1,0,0,0.45688,0.45688,59.229,210.41,135.79,37.033,202,37.033,202,15.867,597.76
2,1,10,1,0,0,0.45688,0.45688,59.229,210.41,135.79,37.033,202,37.033,202,15.867,597.76
2,1,11,1,0,0,0.45688,0.45688,59.229,210.41,135.79,37.033,202,37.033,202,15.867,597.76
2,1,12,1,0,0,0.45123,0.45123,17.156,210.41,135.79,37.033,202,37.033,202,15.867,597.76
2,1,13,1,0,0,0.5,0.5,22.459,210.41,135.79,37.033,202,37.033,202,15.867,597.76
2,1,14,1,0,0,0.5,0.5,23.459,210.41,135.79,37.033,202,37.033,202,15.867,597.76
2,1,15,1,0,0,0.5,0.5,60.889,210.41,135.79,37.033,202,37.033,202,15.867,597.76
2,1,16,1,0,0,0.40709,0.40709,-57.665,210.41,135.79,37.033,202,37.033,202,15.867,597.76
2,1,17,1,0,0,0.40709,0.40709,23.335,210.41,135.79,37.033,202,37.033,202,15.867,597.76
2,1,18,1,0,0,0.40709,0.40709,23.335,210.41,135.79,37.033,202,37.033,202,15.867,597.76
2,1,19,1,0,0,0.40709,0.40709,23.335,210.41,135.79,37.033,202,37.033,202,15.867,597.76
2,1,20,1,0,0,0.40709,0.40709,23.335,210.41,135.79,37.033,202,37.033,202,15.867,597.76
2,1,21,1,101,101,0,0,0,210.41,135.79,37.033,202,37.033,202,15.867,597.76
2,1,22,1,101,101,0,0,0,210.41,135.79,37.033,202,37.033,202,15.867,597.76
2,1,23,1,101,101,0,0,0,210.41,135.79,37.033,202,37.033,202,15.867,597.76
2,1,24,1,101,101,0,0,0,210.41,135.79,37.033,202,37.033,202,15.867,597.76
2,1,25,1,101,101,0,0,0,210.41,135.79,37.033,202,37.033,202,15.867,597.76
2,1,26,1,101,101,0,0,0,210.41,135.79,37.033,202,37.033,202,15.867,597.76
2,1,27,1,101,101,0,0,0,210.41,135.79,37.033,202,37.033,202,15.867,597.76
2,1,28,1,101,101,0,0,0,210.41,135.79,37.033,202,37.033,202,15.867,597.76
2,1,29,1,101,101,0,0,0,210.41,135.79,37.033,202,37.033,202,15.867,597.76
2,1,30,1,101,101,0,0,0,210.41,135.79,37.033,202,37.033,202,15.867,597.76
2,2,1,1,101,101,0,0,-229.84,210.41,-104.9,33.667,404,33.667,404,-0.39768,434.38
2,2,2,1,0,0,0.34417,0.34417,30.783,210.41,-104.9,33.667,404,33.667,404,-0.39768,434.38
2,2,3,1,0,0,0.48712,0.48712,54.219,210.41,-104.9,33.667,404,33.667,404,-0.39768,434.38
2,2,4,1,0,0,0.5,0.5,10.684,210.41,-104.9,33.667,404,33.667,404,-0.39768,434.38
2,2,5,1,0,0,0.5,0.5,10.684,210.41,-104.9,33.667,404,33.667,404,-0.39768,434.38
2,2,6,1,0,0,0.5,0.5,10.684,210.41,-104.9,33.667,404,33.667,404,-0.39768,434.38
2,2,7,1,0,0,0.5,0.5,10.684,210.41,-104.9,33.667,404,33.667,404,-0.39768,434.38
2,2,8,1,0,0,0.5,0.5,10.684,210.41,-104.9,33.667,404,33.667,404,-0.39768,434.38
2,2,9,1,0,0,0.5,0.5,5.9568,210.41,-104.9,33.667,404,33.667,404,-0.39768,434.38
2,2,10,1,0,0,0.5,0.5,18.732,210.41,-104.9,33.667,404,33.667,404,-0.39768,434.38
2,2,11,1,0,0,0.45688,0.45688,2.3443,210.41,-104.9,33.667,404,33.667,404,-0.39768,434.38
2,2,12,1,101,101,0,0,0,210.41,-104.9,33.667,404,33.667,404,-0.39768,434.38
2,2,13,1,0,0,0.42129,0.42129,-24.592,210.41,-104.9,33.667,404,33.667,404,-0.39768,434.38
2,2,14,1,0,0,0.42129,0.42129,6.408,210.41,-104.9,33.667,404,33.667,404,-0.39768,434.38
2,2,15,1,0,0,0.42129,0.42129,6.408,210.41,-104.9,33.667,404,33.667,404,-0.39768,434.38
2,2,16,1,0,0,0.42129,0.42129,6.408,210.41,-104.9,33.667,404,33.667,404,-0.39768,434.38
2,2,17,1,0,0,0.42129,0.42129,6.408,210.41,-104.9,33.667,404,33.667,404,-0.39768,434.38
2,2,18,1,0,0,0.45688,0.45688,8.6835,210.41,-104.9,33.667,404,33.667,404,-0.39768,434.38
2,2,19,1,0,0,0.45688,0.45688,10.684,210.41,-104.9,33.667,404,33.667,404,-0.39768,434.38
2,2,20,1,0,0,0.45688,0.45688,10.684,210.41,-104.9,33.667,404,33.667,404,-0.39768,434.38
2,2,21,1,0,0,0.45688,0.45688,10.684,210.41,-104.9,33.667,404,33.667,404,-0.39768,434.38
2,2,22,1,0,0,0.45688,0.45688,10.684,210.41,-104.9,33.667,404,33.667,404,-0.39768,434.38
2,2,23,1,101,101,0,0,0,210.41,-104.9,33.667,404,33.667,404,-0.39768,434.38
2,2,24,1,101,101,0,0,0,210.41,-104.9,33.667,404,33.667,404,-0.39768,434.38
2,2,25,1,101,101,0,0,0,210.41,-104.9,33.667,404,33.667,404,-0.39768,434.38
2,2,26,1,101,101,0,0,0,210.41,-104.9,33.667,404,33.667,404,-0.39768,434.38
2,2,27,1,101,101,0,0,0,210.41,-104.9,33.667,404,33.667,404,-0.39768,434.38
2,2,28,1,101,101,0,0,0,210.41,-104.9,33.667,404,33.667,404,-0.39768,434.38
2,2,29,1,101,101,0,0,0,210.41,-104.9,33.667,404,33.667,404,-0.39768,434.38
2,2,30,1,101,101,0,0,0,210.41,-104.9,33.667,404,33.667,404,-0.39768,434.38
2,3,1,1,101,101,0,0,-229.84,210.41,-87.771,33.667,202,33.667,202,3.726,628.04
2,3,2,1,0,0,0.5,0.5,22.119,210.41,-87.771,33.667,202,33.667,202,3.726,628.04
2,3,3,1,0,0,0.44873,0.44873,-10.316,210.41,-87.771,33.667,202,33.667,202,3.726,628.04
2,3,4,1,0,0,0.5,0.5,20.562,210.41,-87.771,33.667,202,33.667,202,3.726,628.04
2,3,5,1,0,0,0.28632,0.28632,-79.708,210.41,-87.771,33.667,202,33.667,202,3.726,628.04
2,3,6,1,0,0,0.28632,0.28632,52.292,210.41,-87.771,33.667,202,33.667,202,3.726,628.04
2,3,7,1,0,0,0.28632,0.28632,52.292,210.41,-87.771,33.667,202,33.667,202,3.726,628.04
2,3,8,1,0,0,0.28632,0.28632,52.292,210.41,-87.771,33.667,202,33.667,202,3.726,628.04
2,3,9,1,0,0,0.28632,0.28632,52.292,210.41,-87.771,33.667,202,33.667,202,3.726,628.04
2,3,10,1,0,0,0.44873,0.44873,20.459,210.41,-87.771,33.667,202,33.667,202,3.726,628.04
2,3,11,1,0,0,0.5,0.5,20.562,210.41,-87.771,33.667,202,33.667,202,3.726,628.04
2,3,12,1,0,0,0.45123,0.45123,17.156,210.41,-87.771,33.667,202,33.667,202,3.726,628.04
2,3,13,1,0,0,0.45123,0.45123,30.156,210.41,-87.771,33.667,202,33.667,202,3.726,628.04
2,3,14,1,0,0,0.45123,0.45123,30.156,210.41,-87.771,33.667,202,33.667,202,3.726,628.04
2,3,15,1,0,0,0.45123,0.45123,30.156,210.41,-87.771,33.667,202,33.667,202,3.726,628.04
2,3,16,1,0,0,0.45123,0.45123,30.156,210.41,-87.771,33.667,202,33.667,202,3.726,628.04
2,3,17,1,0,0,0.5,0.5,-0.60034,210.41,-87.771,33.667,202,33.667,202,3.726,628.04
2,3,18,1,0,0,0.5,0.5,0.39966,210.41,-87.771,33.667,202,33.667,202,3.726,628.04
2,3,19,1,0,0,0.5,0.5,0.39966,210.41,-87.771,33.667,202,33.667,202,3.726,628.04
2,3,20,1,0,0,0.5,0.5,0.39966,210.41,-87.771,33.667,202,33.667,202,3.726,628.04
2,3,21,1,0,0,0.5,0.5,0.39966,210.41,-87.771,33.667,202,33.667,202,3.726,628.04
2,3,22,1,101,101,0,0,0,210.41,-87.771,33.667,202,33.667,202,3.726,628.04
2,3,23,1,101,101,0,0,0,210.41,-87.771,33.667,202,33.667,202,3.726,628.04
2,3,24,1,101,101,0,0,0,210.41,-87.771,33.667,202,33.667,202,3.726,628.04
2,3,25,1,101,101,0,0,0,210.41,-87.771,33.667,202,33.667,202,3.726,628.04
2,3,26,1,101,101,0,0,0,210.41,-87.771,33.667,202,33.667,202,3.726,628.04
2,3,27,1,101,101,0,0,0,210.41,-87.771,33.667,202,33.667,202,3.726,628.04
2,3,28,1,101,101,0,0,0,210.41,-87.771,33.667,202,33.667,202,3.726,628.04
2,3,29,1,101,101,0,0,0,210.41,-87.771,33.667,202,33.667,202,3.726,628.04
2,3,30,1,101,101,0,0,0,210.41,-87.771,33.667,202,33.667,202,3.726,628.04
3,1,1,1,101,101,0,0,-167.89,214.96,175.21,37.033,202,37.033,202,18.805,485.69
3,1,2,1,0,0,0.45688,0.45688,13.071,214.96,175.21,37.033,202,37.033,202,18.805,485.69
3,1,3,1,0,0,0.5,0.5,18.732,214.96,175.21,37.033,202,37.033,202,18.805,485.69
3,1,4,1,0,0,0.45688,0.45688,50.889,214.96,175.21,37.033,202,37.033,202,18.805,485.69
3,1,5,1,0,0,0.45688,0.45688,60.889,214.96,175.21,37.033,202,37.033,202,18.805,485.69
3,1,6,1,0,0,0.45688,0.45688,60.889,214.96,175.21,37.033,202,37.033,202,18.805,485.69
3,1,7,1,0,0,0.45688,0.45688,60.889,214.96,175.21,37.033,202,37.033,202,18.805,485.69
3,1,8,1,0,0,0.45688,0.45688,60.889,214.96,175.21,37.033,202,37.033,202,18.805,485.69
3,1,9,1,0,0,0.48712,0.48712,41.219,214.96,175.21,37.033,202,37.033,202,18.805,485.69
3,1,10,1,0,0,0.46987,0.46987,42.763,214.96,175.21,37.033,202,37.033,202,18.805,485.69
3,1,11,1,0,0,0.45688,0.45688,48.229,214.96,175.21,37.033,202,37.033,202,18.805,485.69
3,1,12,1,0,0,0.45688,0.45688,59.229,214.96,175.21,37.033,202,37.033,202,18.805,485.69
3,1,13,1,0,0,0.45688,0.45688,59.229,214.96,175.21,37.033,202,37.033,202,18.805,485.69
3,1,14,1,0,0,0.45688,0.45688,59.229,214.96,175.21,37.033,202,37.033,202,18.805,485.69
3,1,15,1,0,0,0.45688,0.45688,59.229,214.96,175.21,37.033,202,37.033,202,18.805,485.69
3,1,16,1,0,0,0.40709,0.40709,-56.665,214.96,175.21,37.033,202,37.033,202,18.805,485.69
3,1,17,1,0,0,0.40709,0.40709,23.335,214.96,175.21,37.033,202,37.033,202,18.805,485.69
3,1,18,1,0,0,0.40709,0.40709,23.335,214.96,175.21,37.033,202,37.033,202,18.805,485.69
3,1,19,1,0,0,0.40709,0.40709,23.335,214.96,175.21,37.033,202,37.033,202,18.805,485.69
3,1,20,1,0,0,0.40709,0.40709,23.335,214.96,175.21,37.033,202,37.033,202,18.805,485.69
3,1,21,1,101,101,0,0,0,214.96,175.21,37.033,202,37.033,202,18.805,485.69
3,1,22,1,101,101,0,0,0,214.96,175.21,37.033,202,37.033,202,18.805,485.69
3,1,23,1,101,101,0,0,0,214.96,175.21,37.033,202,37.033,202,18.805,485.69
3,1,24,1,101,101,0,0,0,214.96,175.21,37.033,202,37.033,202,18.805,485.69
3,1,25,1,101,101,0,0,0,214.96,175.21,37.033,202,37.033,202,18.805,485.69
3,1,26,1,101,101,0,0,0,214.96,175.21,37.033,202,37.033,202,18.805,485.69
3,1,27,1,101,101,0,0,0,214.96,175.21,37.033,202,37.033,202,18.805,485.69
3,1,28,1,101,101,0,0,0,214.96,175.21,37.033,202,37.033,202,18.805,485.69
3,1,29,1,101,101,0,0,0,214.96,175.21,37.033,202,37.033,202,18.805,485.69
3,1,30,1,101,101,0,0,0,214.96,175.21,37.033,202,37.033,202,18.805,485.69
3,2,1,1,101,101,0,0,-167.89,214.96,-27.488,33.667,404,33.667,404,2.2341,372.43
3,2,2,1,0,0,0.34417,0.34417,47.783,214.96,-27.488,33.667,404,33.667,404,2.2341,372.43
3,2,3,1,0,0,0.48712,0.48712,54.219,214.96,-27.488,33.667,404,33.667,404,2.2341,372.43
3,2,4,1,0,0,0.5,0.5,10.684,214.96,-27.488,33.667,404,33.667,404,2.2341,372.43
3,2,5,1,0,0,0.5,0.5,10.684,214.96,-27.488,33.667,404,33.667,404,2.2341,372.43
3,2,6,1,0,0,0.5,0.5,10.684,214.96,-27.488,33.667,404,33.667,404,2.2341,372.43
3,2,7,1,0,0,0.5,0.5,10.684,214.96,-27.488,33.667,404,33.667,404,2.2341,372.43
3,2,8,1,0,0,0.5,0.5,10.684,214.96,-27.488,33.667,404,33.667,404,2.2341,372.43
3,2,9,1,0,0,0.5,0.5,5.9568,214.96,-27.488,33.667,404,33.667,404,2.2341,372.43
3,2,10,1,0,0,0.5,0.5,18.732,214.96,-27.488,33.667,404,33.667,404,2.2341,372.43
3,2,11,1,0,0,0.45688,0.45688,2.3443,214.96,-27.488,33.667,404,33.667,404,2.2341,372.43
3,2,12,1,101,101,0,0,0,214.96,-27.488,33.667,404,33.667,404,2.2341,372.43
3,2,13,1,0,0,0.42129,0.42129,-24.592,214.96,-27.488,33.667,404,33.667,404,2.2341,372.43
3,2,14,1,0,0,0.42129,0.42129,6.408,214.96,-27.488,33.667,404,33.667,404,2.2341,372.43
3,2,15,1,0,0,0.42129,0.42129,6.408,214.96,-27.488,33.667,404,33.667,404,2.2341,372.43
3,2,16,1,0,0,0.42129,0.42129,6.408,214.96,-27.488,33.667,404,33.667,404,2.2341,372.43
3,2,17,1,0,0,0.42129,0.42129,6.408,214.96,-27.488,33.667,404,33.667,404,2.2341,372.43
3,2,18,1,0,0,0.45688,0.45688,8.6835,214.96,-27.488,33.667,404,33.667,404,2.2341,372.43
3,2,19,1,0,0,0.45688,0.45688,10.684,214.96,-27.488,33.667,404,33.667,404,2.2341,372.43
3,2,20,1,0,0,0.45688,0.45688,10.684,214.96,-27.488,33.667,404,33.667,404,2.2341,372.43
3,2,21,1,0,0,0.45688,0.45688,10.684,214.96,-27.488,33.667,404,33.667,404,2.2341,372.43
3,2,22,1,0,0,0.45688,0.45688,10.684,214.96,-27.488,33.667,404,33.667,404,2.2341,372.43
3,2,23,1,101,101,0,0,0,214.96,-27.488,33.667,404,33.667,404,2.2341,372.43
3,2,24,1,101,101,0,0,0,214.96,-27.488,33.667,404,33.667,404,2.2341,372.43
3,2,25,1,101,101,0,0,0,214.96,-27.488,33.667,404,33.667,404,2.2341,372.43
3,2,26,1,101,101,0,0,0,214.96,-27.488,33.667,404,33.667,404,2.2341,372.43
3,2,27,1,101,101,0,0,0,214.96,-27.488,33.667,404,33.667,404,2.2341,372.43
3,2,28,1,101,101,0,0,0,214.96,-27.488,33.667,404,33.667,404,2.2341,372.43
3,2,29,1,101,101,0,0,0,214.96,-27.488,33.667,404,33.667,404,2.2341,372.43
3,2,30,1,101,101,0,0,0,214.96,-27.488,33.667,404,33.667,404,2.2341,372.43
3,3,1,1,101,101,0,0,-167.89,214.96,-26.727,33.667,202,33.667,202,5.7578,564.09
3,3,2,1,0,0,0.5,0.5,21.119,214.96,-26.727,33.667,202,33.667,202,5.7578,564.09
3,3,3,1,0,0,0.44873,0.44873,-10.316,214.96,-26.727,33.667,202,33.667,202,5.7578,564.09
3,3,4,1,0,0,0.5,0.5,20.562,214.96,-26.727,33.667,202,33.667,202,5.7578,564.09
3,3,5,1,0,0,0.28632,0.28632,-79.708,214.96,-26.727,33.667,202,33.667,202,5.7578,564.09
3,3,6,1,0,0,0.28632,0.28632,52.292,214.96,-26.727,33.667,202,33.667,202,5.7578,564.09
3,3,7,1,0,0,0.28632,0.28632,52.292,214.96,-26.727,33.667,202,33.667,202,5.7578,564.09
3,3,8,1,0,0,0.28632,0.28632,52.292,214.96,-26.727,33.667,202,33.667,202,5.7578,564.09
3,3,9,1,0,0,0.28632,0.28632,52.292,214.96,-26.727,33.667,202,33.667,202,5.7578,564.09
3,3,10,1,0,0,0.44873,0.44873,20.459,214.96,-26.727,33.667,202,33.667,202,5.7578,564.09
3,3,11,1,0,0,0.5,0.5,20.562,214.96,-26.727,33.667,202,33.667,202,5.7578,564.09
3,3,12,1,0,0,0.45123,0.45123,17.156,214.96,-26.727,33.667,202,33.667,202,5.7578,564.09
3,3,13,1,0,0,0.45123,0.45123,30.156,214.96,-26.727,33.667,202,33.667,202,5.7578,564.09
3,3,14,1,0,0,0.45123,0.45123,30.156,214.96,-26.727,33.667,202,33.667,202,5.7578,564.09
3,3,15,1,0,0,0.45123,0.45123,30.156,214.96,-26.727,33.667,202,33.667,202,5.7578,564.09
3,3,16,1,0,0,0.45123,0.45123,30.156,214.96,-26.727,33.667,202,33.667,202,5.7578,564.09
3,3,17,1,0,0,0.5,0.5,-0.60034,214.96,-26.727,33.667,202,33.667,202,5.7578,564.09
3,3,18,1,0,0,0.5,0.5,0.39966,214.96,-26.727,33.667,202,33.667,202,5.7578,564.09
3,3,19,1,0,0,0.5,0.5,0.39966,214.96,-26.727,33.667,202,33.667,202,5.7578,564.09
3,3,20,1,0,0,0.5,0.5,0.39966,214.96,-26.727,33.667,202,33.667,202,5.7578,564.09
3,3,21,1,0,0,0.5,0.5,0.39966,214.96,-26.727,33.667,202,33.667,202,5.7578,564.09
3,3,22,1,101,101,0,0,0,214.96,-26.727,33.667,202,33.667,202,5.7578,564.09
3,3,23,1,101,101,0,0,0,214.96,-26.727,33.667,202,33.667,202,5.7578,564.09
3,3,24,1,101,101,0,0,0,214.96,-26.727,33.667,202,33.667,202,5.7578,564.09
3,3,25,1,101,101,0,0,0,214.96,-26.727,33.667,202,33.667,202,5.7578,564.09
3,3,26,1,101,101,0,0,0,214.96,-26.727,33.667,202,33.667,202,5.7578,564.09
3,3,27,1,101,101,0,0,0,214.96,-26.727,33.667,202,33.667,202,5.7578,564.09
3,3,28,1,101,101,0,0,0,214.96,-26.727,33.667,202,33.667,202,5.7578,564.09
3,3,29,1,101,101,0,0,0,214.96,-26.727,33.667,202,33.667,202,5.7578,564.09
3,3,30,1,101,101,0,0,0,214.96,-26.727,33.667,202,33.667,202,5.7578,564.09
4,1,1,1,101,101,0,0,-200.36,236.04,137.28,37.033,202,37.033,202,17.523,518.16
4,1,2,1,0,0,0.45688,0.45688,7.071,236.04,137.28,37.033,202,37.033,202,17.523,518.16
4,1,3,1,0,0,0.5,0.5,18.732,236.04,137.28,37.033,202,37.033,202,17.523,518.16
4,1,4,1,0,0,0.45688,0.45688,50.889,236.04,137.28,37.033,202,37.033,202,17.523,518.16
4,1,5,1,0,0,0.45688,0.45688,60.889,236.04,137.28,37.033,202,37.033,202,17.523,518.16
4,1,6,1,0,0,0.45688,0.45688,60.889,236.04,137.28,37.033,202,37.033,202,17.523,518.16
4,1,7,1,0,0,0.45688,0.45688,60.889,236.04,137.28,37.033,202,37.033,202,17.523,518.16
4,1,8,1,0,0,0.45688,0.45688,60.889,236.04,137.28,37.033,202,37.033,202,17.523,518.16
4,1,9,1,0,0,0.48712,0.48712,41.219,236.04,137.28,37.033,202,37.033,202,17.523,518.16
4,1,10,1,0,0,0.46987,0.46987,42.763,236.04,137.28,37.033,202,37.033,202,17.523,518.16
4,1,11,1,0,0,0.45688,0.45688,48.229,236.04,137.28,37.033,202,37.033,202,17.523,518.16
4,1,12,1,0,0,0.45688,0.45688,59.229,236.04,137.28,37.033,202,37.033,202,17.523,518.16
4,1,13,1,0,0,0.45688,0.45688,59.229,236.04,137.28,37.033,202,37.033,202,17.523,518.16
4,1,14,1,0,0,0.45688,0.45688,59.229,236.04,137.28,37.033,202,37.033,202,17.523,518.16
4,1,15,1,0,0,0.45688,0.45688,59.229,236.04,137.28,37.033,202,37.033,202,17.523,518.16
4,1,16,1,0,0,0.40709,0.40709,-56.665,236.04,137.28,37.033,202,37.033,202,17.523,518.16
4,1,17,1,0,0,0.40709,0.40709,23.335,236.04,137.28,37.033,202,37.033,202,17.523,518.16
4,1,18,1,0,0,0.40709,0.40709,23.335,236.04,137.28,37.033,202,37.033,202,17.523,518.16
4,1,19,1,0,0,0.40709,0.40709,23.335,236.04,137.28,37.033,202,37.033,202,17.523,518.16
4,1,20,1,0,0,0.40709,0.40709,23.335,236.04,137.28,37.033,202,37.033,202,17.523,518.16
4,1,21,1,101,101,0,0,0,236.04,137.28,37.033,202,37.033,202,17.523,518.16
4,1,22,1,101,101,0,0,0,236.04,137.28,37.033,202,37.033,202,17.523,518.16
4,1,23,1,101,101,0,0,0,236.04,137.28,37.033,202,37.033,202,17.523,518.16
4,1,24,1,101,101,0,0,0,236.04,137.28,37.033,202,37.033,202,17.523,518.16
4,1,25,1,101,101,0,0,0,236.04,137.28,37.033,202,37.033,202,17.523,518.16
4,1,26,1,101,101,0,0,0,236.04,137.28,37.033,202,37.033,202,17.523,518.16
4,1,27,1,101,101,0,0,0,236.04,137.28,37.033,202,37.033,202,17.523,518.16
4,1,28,1,101,101,0,0,0,236.04,137.28,37.033,202,37.033,202,17.523,518.16
4,1,29,1,101,101,0,0,0,236.04,137.28,37.033,202,37.033,202,17.523,518.16
4,1,30,1,101,101,0,0,0,236.04,137.28,37.033,202,37.033,202,17.523,518.16
4,2,1,1,101,101,0,0,-200.36,236.04,-69.234,33.667,404,33.667,404,0.77225,395.25
4,2,2,1,0,0,0.47362,0.47362,49.398,236.04,-69.234,33.667,404,33.667,404,0.77225,395.25
4,2,3,1,0,0,0.48712,0.48712,41.219,236.04,-69.234,33.667,404,33.667,404,0.77225,395.25
4,2,4,1,0,0,0.5,0.5,10.684,236.04,-69.234,33.667,404,33.667,404,0.77225,395.25
4,2,5,1,0,0,0.5,0.5,10.684,236.04,-69.234,33.667,404,33.667,404,0.77225,395.25
4,2,6,1,0,0,0.5,0.5,10.684,236.04,-69.234,33.667,404,33.667,404,0.77225,395.25
4,2,7,1,0,0,0.5,0.5,10.684,236.04,-69.234,33.667,404,33.667,404,0.77225,395.25
4,2,8,1,0,0,0.5,0.5,10.684,236.04,-69.234,33.667,404,33.667,404,0.77225,395.25
4,2,9,1,0,0,0.5,0.5,5.9568,236.04,-69.234,33.667,404,33.667,404,0.77225,395.25
4,2,10,1,0,0,0.5,0.5,18.732,236.04,-69.234,33.667,404,33.667,404,0.77225,395.25
4,2,11,1,0,0,0.45688,0.45688,2.3443,236.04,-69.234,33.667,404,33.667,404,0.77225,395.25
4,2,12,1,101,101,0,0,0,236.04,-69.234,33.667,404,33.667,404,0.77225,395.25
4,2,13,1,0,0,0.42129,0.42129,-24.592,236.04,-69.234,33.667,404,33.667,404,0.77225,395.25
4,2,14,1,0,0,0.42129,0.42129,6.408,236.04,-69.234,33.667,404,33.667,404,0.77225,395.25
4,2,15,1,0,0,0.42129,0.42129,6.408,236.04,-69.234,33.667,404,33.667,404,0.77225,395.25
4,2,16,1,0,0,0.42129,0.42129,6.408,236.04,-69.234,33.667,404,33.667,404,0.77225,395.25
4,2,17,1,0,0,0.42129,0.42129,6.408,236.04,-69.234,33.667,404,33.667,404,0.77225,395.25
4,2,18,1,0,0,0.45688,0.45688,8.6835,236.04,-69.234,33.667,404,33.667,404,0.77225,395.25
4,2,19,1,0,0,0.45688,0.45688,10.684,236.04,-69.234,33.667,404,33.667,404,0.77225,395.25
4,2,20,1,0,0,0.45688,0.45688,10.684,236.04,-69.234,33.667,404,33.667,404,0.77225,395.25
4,2,21,1,0,0,0.45688,0.45688,10.684,236.04,-69.234,33.667,404,33.667,404,0.77225,395.25
4,2,22,1,0,0,0.45688,0.45688,10.684,236.04,-69.234,33.667,404,33.667,404,0.77225,395.25
4,2,23,1,101,101,0,0,0,236.04,-69.234,33.667,404,33.667,404,0.77225,395.25
4,2,24,1,101,101,0,0,0,236.04,-69.234,33.667,404,33.667,404,0.77225,395.25
4,2,25,1,101,101,0,0,0,236.04,-69.234,33.667,404,33.667,404,0.77225,395.25
4,2,26,1,101,101,0,0,0,236.04,-69.234,33.667,404,33.667,404,0.77225,395.25
4,2,27,1,101,101,0,0,0,236.04,-69.234,33.667,404,33.667,404,0.77225,395.25
4,2,28,1,101,101,0,0,0,236.04,-69.234,33.667,404,33.667,404,0.77225,395.25
4,2,29,1,101,101,0,0,0,236.04,-69.234,33.667,404,33.667,404,0.77225,395.25
4,2,30,1,101,101,0,0,0,236.04,-69.234,33.667,404,33.667,404,0.77225,395.25
4,3,1,1,101,101,0,0,-200.36,236.04,-63.742,33.667,202,33.667,202,4.5088,586.56
4,3,2,1,0,0,0.5,0.5,16.119,236.04,-63.742,33.667,202,33.667,202,4.5088,586.56
4,3,3,1,0,0,0.44873,0.44873,-10.316,236.04,-63.742,33.667,202,33.667,202,4.5088,586.56
4,3,4,1,0,0,0.5,0.5,20.562,236.04,-63.742,33.667,202,33.667,202,4.5088,586.56
4,3,5,1,0,0,0.28632,0.28632,-79.708,236.04,-63.742,33.667,202,33.667,202,4.5088,586.56
4,3,6,1,0,0,0.28632,0.28632,52.292,236.04,-63.742,33.667,202,33.667,202,4.5088,586.56
4,3,7,1,0,0,0.28632,0.28632,52.292,236.04,-63.742,33.667,202,33.667,202,4.5088,586.56
4,3,8,1,0,0,0.28632,0.28632,52.292,236.04,-63.742,33.667,202,33.667,202,4.5088,586.56
4,3,9,1,0,0,0.28632,0.28632,52.292,236.04,-63.742,33.667,202,33.667,202,4.5088,586.56
4,3,10,1,0,0,0.44873,0.44873,20.459,236.04,-63.742,33.667,202,33.667,202,4.5088,586.56
4,3,11,1,0,0,0.5,0.5,20.562,236.04,-63.742,33.667,202,33.667,202,4.5088,586.56
4,3,12,1,0,0,0.45123,0.45123,17.156,236.04,-63.742,33.667,202,33.667,202,4.5088,586.56
4,3,13,1,0,0,0.45123,0.45123,30.156,236.04,-63.742,33.667,202,33.667,202,4.5088,586.56
4,3,14,1,0,0,0.45123,0.45123,30.156,236.04,-63.742,33.667,202,33.667,202,4.5088,586.56
4,3,15,1,0,0,0.45123,0.45123,30.156,236.04,-63.742,33.667,202,33.667,202,4.5088,586.56
4,3,16,1,0,0,0.45123,0.45123,30.156,236.04,-63.742,33.667,202,33.667,202,4.5088,586.56
4,3,17,1,0,0,0.5,0.5,-0.60034,236.04,-63.742,33.667,202,33.667,202,4.5088,586.56
4,3,18,1,0,0,0.5,0.5,0.39966,236.04,-63.742,33.667,202,33.667,202,4.5088,586.56
4,3,19,1,0,0,0.5,0.5,0.39966,236.04,-63.742,33.667,202,33.667,202,4.5088,586.56
4,3,20,1,0,0,0.5,0.5,0.39966,236.04,-63.742,33.667,202,33.667,202,4.5088,586.56
4,3,21,1,0,0,0.5,0.5,0.39966,236.04,-63.742,33.667,202,33.667,202,4.5088,586.56
4,3,22,1,101,101,0,0,0,236.04,-63.742,33.667,202,33.667,202,4.5088,586.56
4,3,23,1,101,101,0,0,0,236.04,-63.742,33.667,202,33.667,202,4.5088,586.56
4,3,24,1,101,101,0,0,0,236.04,-63.742,33.667,202,33.667,202,4.5088,586.56
4,3,25,1,101,101,0,0,0,236.04,-63.742,33.667,202,33.667,202,4.5088,586.56
4,3,26,1,101,101,0,0,0,236.04,-63.742,33.667,202,33.667,202,4.5088,586.56
4,3,27,1,101,101,0,0,0,236.04,-63.742,33.667,202,33.667,202,4.5088,586.56
4,3,28,1,101,101,0,0,0,236.04,-63.742,33.667,202,33.667,202,4.5088,586.56
4,3,29,1,101,101,0,0,0,236.04,-63.742,33.667,202,33.667,202,4.5088,586.56
4,3,30,1,101,101,0,0,0,236.04,-63.742,33.667,202,33.667,202,4.5088,586.56
5,1,1,1,101,101,0,0,-285.57,222.99,80.965,37.033,202,37.033,202,14.043,653.5
5,1,2,1,0,0,0.33396,0.33396,32.815,222.99,80.965,37.033,202,37.033,202,14.043,653.5
5,1,3,1,0,0,0.33396,0.33396,54.815,222.99,80.965,37.033,202,37.033,202,14.043,653.5
5,1,4,1,0,0,0.33396,0.33396,54.815,222.99,80.965,37.033,202,37.033,202,14.043,653.5
5,1,5,1,0,0,0.33396,0.33396,54.815,222.99,80.965,37.033,202,37.033,202,14.043,653.5
5,1,6,1,0,0,0.33396,0.33396,54.815,222.99,80.965,37.033,202,37.033,202,14.043,653.5
5,1,7,1,0,0,0.45688,0.45688,58.229,222.99,80.965,37.033,202,37.033,202,14.043,653.5
5,1,8,1,0,0,0.45688,0.45688,59.229,222.99,80.965,37.033,202,37.033,202,14.043,653.5
5,1,9,1,0,0,0.45688,0.45688,59.229,222.99,80.965,37.033,202,37.033,202,14.043,653.5
5,1,10,1,0,0,0.45688,0.45688,59.229,222.99,80.965,37.033,202,37.033,202,14.043,653.5
5,1,11,1,0,0,0.45688,0.45688,59.229,222.99,80.965,37.033,202,37.033,202,14.043,653.5
5,1,12,1,0,0,0.45123,0.45123,17.156,222.99,80.965,37.033,202,37.033,202,14.043,653.5
5,1,13,1,0,0,0.5,0.5,22.459,222.99,80.965,37.033,202,37.033,202,14.043,653.5
5,1,14,1,0,0,0.5,0.5,23.459,222.99,80.965,37.033,202,37.033,202,14.043,653.5
5,1,15,1,0,0,0.5,0.5,60.889,222.99,80.965,37.033,202,37.033,202,14.043,653.5
5,1,16,1,0,0,0.40709,0.40709,-57.665,222.99,80.965,37.033,202,37.033,202,14.043,653.5
5,1,17,1,0,0,0.40709,0.40709,23.335,222.99,80.965,37.033,202,37.033,202,14.043,653.5
5,1,18,1,0,0,0.40709,0.40709,23.335,222.99,80.965,37.033,202,37.033,202,14.043,653.5
5,1,19,1,0,0,0.40709,0.40709,23.335,222.99,80.965,37.033,202,37.033,202,14.043,653.5
5,1,20,1,0,0,0.40709,0.40709,23.335,222.99,80.965,37.033,202,37.033,202,14.043,653.5
5,1,21,1,101,101,0,0,0,222.99,80.965,37.033,202,37.033,202,14.043,653.5
5,1,22,1,101,101,0,0,0,222.99,80.965,37.033,202,37.033,202,14.043,653.5
5,1,23,1,101,101,0,0,0,222.99,80.965,37.033,202,37.033,202,14.043,653.5
5,1,24,1,101,101,0,0,0,222.99,80.965,37.033,202,37.033,202,14.043,653.5
5,1,25,1,101,101,0,0,0,222.99,80.965,37.033,202,37.033,202,14.043,653.5
5,1,26,1,101,101,0,0,0,222.99,80.965,37.033,202,37.033,202,14.043,653.5
5,1,27,1,101,101,0,0,0,222.99,80.965,37.033,202,37.033,202,14.043,653.5
5,1,28,1,101,101,0,0,0,222.99,80.965,37.033,202,37.033,202,14.043,653.5
5,1,29,1,101,101,0,0,0,222.99,80.965,37.033,202,37.033,202,14.043,653.5
5,1,30,1,101,101,0,0,0,222.99,80.965,37.033,202,37.033,202,14.043,653.5
5,2,1,1,101,101,0,0,-285.57,222.99,-148.08,33.667,404,33.667,404,-1.8349,494.47
5,2,2,1,0,0,0.47362,0.47362,56.398,222.99,-148.08,33.667,404,33.667,404,-1.8349,494.47
5,2,3,1,0,0,0.48712,0.48712,41.219,222.99,-148.08,33.667,404,33.667,404,-1.8349,494.47
5,2,4,1,0,0,0.5,0.5,10.684,222.99,-148.08,33.667,404,33.667,404,-1.8349,494.47
5,2,5,1,0,0,0.5,0.5,10.684,222.99,-148.08,33.667,404,33.667,404,-1.8349,494.47
5,2,6,1,0,0,0.5,0.5,10.684,222.99,-148.08,33.667,404,33.667,404,-1.8349,494.47
5,2,7,1,0,0,0.5,0.5,10.684,222.99,-148.08,33.667,404,33.667,404,-1.8349,494.47
5,2,8,1,0,0,0.5,0.5,10.684,222.99,-148.08,33.667,404,33.667,404,-1.8349,494.47
5,2,9,1,0,0,0.5,0.5,5.9568,222.99,-148.08,33.667,404,33.667,404,-1.8349,494.47
5,2,10,1,0,0,0.5,0.5,18.732,222.99,-148.08,33.667,404,33.667,404,-1.8349,494.47
5,2,11,1,0,0,0.45688,0.45688,2.3443,222.99,-148.08,33.667,404,33.667,404,-1.8349,494.47
5,2,12,1,101,101,0,0,0,222.99,-148.08,33.667,404,33.667,404,-1.8349,494.47
5,2,13,1,0,0,0.42129,0.42129,-24.592,222.99,-148.08,33.667,404,33.667,404,-1.8349,494.47
5,2,14,1,0,0,0.42129,0.42129,6.408,222.99,-148.08,33.667,404,33.667,404,-1.8349,494.47
5,2,15,1,0,0,0.42129,0.42129,6.408,222.99,-148.08,33.667,404,33.667,404,-1.8349,494.47
5,2,16,1,0,0,0.42129,0.42129,6.408,222.99,-148.08,33.667,404,33.667,404,-1.8349,494.47
5,2,17,1,0,0,0.42129,0.42129,6.408,222.99,-148.08,33.667,404,33.667,404,-1.8349,494.47
5,2,18,1,0,0,0.45688,0.45688,8.6835,222.99,-148.08,33.667,404,33.667,404,-1.8349,494.47
5,2,19,1,0,0,0.45688,0.45688,10.684,222.99,-148.08,33.667,404,33.667,404,-1.8349,494.47
5,2,20,1,0,0,0.45688,0.45688,10.684,222.99,-148.08,33.667,404,33.667,404,-1.8349,494.47
5,2,21,1,0,0,0.45688,0.45688,10.684,222.99,-148.08,33.667,404,33.667,404,-1.8349,494.47
5,2,22,1,0,0,0.45688,0.45688,10.684,222.99,-148.08,33.667,404,33.667,404,-1.8349,494.47
5,2,23,1,101,101,0,0,0,222.99,-148.08,33.667,404,33.667,404,-1.8349,494.47
5,2,24,1,101,101,0,0,0,222.99,-148.08,33.667,404,33.667,404,-1.8349,494.47
5,2,25,1,101,101,0,0,0,222.99,-148.08,33.667,404,33.667,404,-1.8349,494.47
5,2,26,1,101,101,0,0,0,222.99,-148.08,33.667,404,33.667,404,-1.8349,494.47
5,2,27,1,101,101,0,0,0,222.99,-148.08,33.667,404,33.667,404,-1.8349,494.47
5,2,28,1,101,101,0,0,0,222.99,-148.08,33.667,404,33.667,404,-1.8349,494.47
5,2,29,1,101,101,0,0,0,222.99,-148.08,33.667,404,33.667,404,-1.8349,494.47
5,2,30,1,101,101,0,0,0,222.99,-148.08,33.667,404,33.667,404,-1.8349,494.47
5,3,1,1,101,101,0,0,-285.57,222.99,-143.5,33.667,202,33.667,202,1.8683,683.78
5,3,2,1,0,0,0.5,0.5,22.119,222.99,-143.5,33.667,202,33.667,202,1.8683,683.78
5,3,3,1,0,0,0.44873,0.44873,-10.316,222.99,-143.5,33.667,202,33.667,202,1.8683,683.78
5,3,4,1,0,0,0.5,0.5,20.562,222.99,-143.5,33.667,202,33.667,202,1.8683,683.78
5,3,5,1,0,0,0.28632,0.28632,-79.708,222.99,-143.5,33.667,202,33.667,202,1.8683,683.78
5,3,6,1,0,0,0.28632,0.28632,52.292,222.99,-143.5,33.667,202,33.667,202,1.8683,683.78
5,3,7,1,0,0,0.28632,0.28632,52.292,222.99,-143.5,33.667,202,33.667,202,1.8683,683.78
5,3,8,1,0,0,0.28632,0.28632,52.292,222.99,-143.5,33.667,202,33.667,202,1.8683,683.78
5,3,9,1,0,0,0.28632,0.28632,52.292,222.99,-143.5,33.667,202,33.667,202,1.8683,683.78
5,3,10,1,0,0,0.44873,0.44873,20.459,222.99,-143.5,33.667,202,33.667,202,1.8683,683.78
5,3,11,1,0,0,0.5,0.5,20.562,222.99,-143.5,33.667,202,33.667,202,1.8683,683.78
5,3,12,1,0,0,0.45123,0.45123,17.156,222.99,-143.5,33.667,202,33.667,202,1.8683,683.78
5,3,13,1,0,0,0.45123,0.45123,30.156,222.99,-143.5,33.667,202,33.667,202,1.8683,683.78
5,3,14,1,0,0,0.45123,0.45123,30.156,222.99,-143.5,33.667,202,33.667,202,1.8683,683.78
5,3,15,1,0,0,0.45123,0.45123,30.156,222.99,-143.5,33.667,202,33.667,202,1.8683,683.78
5,3,16,1,0,0,0.45123,0.45123,30.156,222.99,-143.5,33.667,202,33.667,202,1.8683,683.78
5,3,17,1,0,0,0.5,0.5,-0.60034,222.99,-143.5,33.667,202,33.667,202,1.8683,683.78
5,3,18,1,0,0,0.5,0.5,0.39966,222.99,-143.5,33.667,202,33.667,202,1.8683,683.78
5,3,19,1,0,0,0.5,0.5,0.39966,222.99,-143.5,33.667,202,33.667,202,1.8683,683.78
5,3,20,1,0,0,0.5,0.5,0.39966,222.99,-143.5,33.667,202,33.667,202,1.8683,683.78
5,3,21,1,0,0,0.5,0.5,0.39966,222.99,-143.5,33.667,202,33.667,202,1.8683,683.78
5,3,22,1,101,101,0,0,0,222.99,-143.5,33.667,202,33.667,202,1.8683,683.78
5,3,23,1,101,101,0,0,0,222.99,-143.5,33.667,202,33.667,202,1.8683,683.78
5,3,24,1,101,101,0,0,0,222.99,-143.5,33.667,202,33.667,202,1.8683,683.78
5,3,25,1,101,101,0,0,0,222.99,-143.5,33.667,202,33.667,202,1.8683,683.78
5,3,26,1,101,101,0,0,0,222.99,-143.5,33.667,202,33.667,202,1.8683,683.78
5,3,27,1,101,101,0,0,0,222.99,-143.5,33.667,202,33.667,202,1.8683,683.78
5,3,28,1,101,101,0,0,0,222.99,-143.5,33.667,202,33.667,202,1.8683,683.78
5,3,29,1,101,101,0,0,0,222.99,-143.5,33.667,202,33.667,202,1.8683,683.78
5,3,30,1,101,101,0,0,0,222.99,-143.5,33.667,202,33.667,202,1.8683,683.78
6,1,1,1,101,101,0,0,-250.27,247.06,97.365,37.033,202,37.033,202,16.226,568.07
6,1,2,1,0,0,0.45688,0.45688,18.071,247.06,97.365,37.033,202,37.033,202,16.226,568.07
6,1,3,1,0,0,0.5,0.5,18.732,247.06,97.365,37.033,202,37.033,202,16.226,568.07
6,1,4,1,0,0,0.45688,0.45688,50.889,247.06,97.365,37.033,202,37.033,202,16.226,568.07
6,1,5,1,0,0,0.45688,0.45688,60.889,247.06,97.365,37.033,202,37.033,202,16.226,568.07
6,1,6,1,0,0,0.45688,0.45688,60.889,247.06,97.365,37.033,202,37.033,202,16.226,568.07
6,1,7,1,0,0,0.45688,0.45688,60.889,247.06,97.365,37.033,202,37.033,202,16.226,568.07
6,1,8,1,0,0,0.45688,0.45688,60.889,247.06,97.365,37.033,202,37.033,202,16.226,568.07
6,1,9,1,0,0,0.48712,0.48712,41.219,247.06,97.365,37.033,202,37.033,202,16.226,568.07
6,1,10,1,0,0,0.46987,0.46987,42.763,247.06,97.365,37.033,202,37.033,202,16.226,568.07
6,1,11,1,0,0,0.45688,0.45688,48.229,247.06,97.365,37.033,202,37.033,202,16.226,568.07
6,1,12,1,0,0,0.45688,0.45688,59.229,247.06,97.365,37.033,202,37.033,202,16.226,568.07
6,1,13,1,0,0,0.45688,0.45688,59.229,247.06,97.365,37.033,202,37.033,202,16.226,568.07
6,1,14,1,0,0,0.45688,0.45688,59.229,247.06,97.365,37.033,202,37.033,202,16.226,568.07
6,1,15,1,0,0,0.45688,0.45688,59.229,247.06,97.365,37.033,202,37.033,202,16.226,568.07
6,1,16,1,0,0,0.40709,0.40709,-56.665,247.06,97.365,37.033,202,37.033,202,16.226,568.07
6,1,17,1,0,0,0.40709,0.40709,23.335,247.06,97.365,37.033,202,37.033,202,16.226,568.07
6,1,18,1,0,0,0.40709,0.40709,23.335,247.06,97.365,37.033,202,37.033,202,16.226,568.07
6,1,19,1,0,0,0.40709,0.40709,23.335,247.06,97.365,37.033,202,37.033,202,16.226,568.07
6,1,20,1,0,0,0.40709,0.40709,23.335,247.06,97.365,37.033,202,37.033,202,16.226,568.07
6,1,21,1,101,101,0,0,0,247.06,97.365,37.033,202,37.033,202,16.226,568.07
6,1,22,1,101,101,0,0,0,247.06,97.365,37.033,202,37.033,202,16.226,568.07
6,1,23,1,101,101,0,0,0,247.06,97.365,37.033,202,37.033,202,16.226,568.07
6,1,24,1,101,101,0,0,0,247.06,97.365,37.033,202,37.033,202,16.226,568.07
6,1,25,1,101,101,0,0,0,247.06,97.365,37.033,202,37.033,202,16.226,568.07
6,1,26,1,101,101,0,0,0,247.06,97.365,37.033,202,37.033,202,16.226,568.07
6,1,27,1,101,101,0,0,0,247.06,97.365,37.033,202,37.033,202,16.226,568.07
6,1,28,1,101,101,0,0,0,247.06,97.365,37.033,202,37.033,202,16.226,568.07
6,1,29,1,101,101,0,0,0,247.06,97.365,37.033,202,37.033,202,16.226,568.07
6,1,30,1,101,101,0,0,0,247.06,97.365,37.033,202,37.033,202,16.226,568.07
6,2,1,1,101,101,0,0,-250.27,247.06,-111.69,33.667,404,33.667,404,-0.57884,454.81
6,2,2,1,0,0,0.34417,0.34417,45.783,247.06,-111.69,33.667,404,33.667,404,-0.57884,454.81
6,2,3,1,0,0,0.48712,0.48712,54.219,247.06,-111.69,33.667,404,33.667,404,-0.57884,454.81
6,2,4,1,0,0,0.5,0.5,10.684,247.06,-111.69,33.667,404,33.667,404,-0.57884,454.81
6,2,5,1,0,0,0.5,0.5,10.684,247.06,-111.69,33.667,404,33.667,404,-0.57884,454.81
6,2,6,1,0,0,0.5,0.5,10.684,247.06,-111.69,33.667,404,33.667,404,-0.57884,454.81
6,2,7,1,0,0,0.5,0.5,10.684,247.06,-111.69,33.667,404,33.667,404,-0.57884,454.81
6,2,8,1,0,0,0.5,0.5,10.684,247.06,-111.69,33.667,404,33.667,404,-0.57884,454.81
6,2,9,1,0,0,0.5,0.5,5.9568,247.06,-111.69,33.667,404,33.667,404,-0.57884,454.81
6,2,10,1,0,0,0.5,0.5,18.732,247.06,-111.69,33.667,404,33.667,404,-0.57884,454.81
6,2,11,1,0,0,0.45688,0.45688,2.3443,247.06,-111.69,33.667,404,33.667,404,-0.57884,454.81
6,2,12,1,101,101,0,0,0,247.06,-111.69,33.667,404,33.667,404,-0.57884,454.81
6,2,13,1,0,0,0.42129,0.42129,-24.592,247.06,-111.69,33.667,404,33.667,404,-0.57884,454.81
6,2,14,1,0,0,0.42129,0.42129,6.408,247.06,-111.69,33.667,404,33.667,404,-0.57884,454.81
6,2,15,1,0,0,0.42129,0.42129,6.408,247.06,-111.69,33.667,404,33.667,404,-0.57884,454.81
6,2,16,1,0,0,0.42129,0.42129,6.408,247.06,-111.69,33.667,404,33.667,404,-0.57884,454.81
6,2,17,1,0,0,0.42129,0.42129,6.408,247.06,-111.69,33.667,404,33.667,404,-0.57884,454.81
6,2,18,1,0,0,0.45688,0.45688,8.6835,247.06,-111.69,33.667,404,33.667,404,-0.57884,454.81
6,2,19,1,0,0,0.45688,0.45688,10.684,247.06,-111.69,33.667,404,33.667,404,-0.57884,454.81
6,2,20,1,0,0,0.45688,0.45688,10.684,247.06,-111.69,33.667,404,33.667,404,-0.57884,454.81
6,2,21,1,0,0,0.45688,0.45688,10.684,247.06,-111.69,33.667,404,33.667,404,-0.57884,454.81
6,2,22,1,0,0,0.45688,0.45688,10.684,247.06,-111.69,33.667,404,33.667,404,-0.57884,454.81
6,2,23,1,101,101,0,0,0,247.06,-111.69,33.667,404,33.667,404,-0.57884,454.81
6,2,24,1,101,101,0,0,0,247.06,-111.69,33.667,404,33.667,404,-0.57884,454.81
6,2,25,1,101,101,0,0,0,247.06,-111.69,33.667,404,33.667,404,-0.57884,454.81
6,2,26,1,101,101,0,0,0,247.06,-111.69,33.667,404,33.667,404,-0.57884,454.81
6,2,27,1,101,101,0,0,0,247.06,-111.69,33.667,404,33.667,404,-0.57884,454.81
6,2,28,1,101,101,0,0,0,247.06,-111.69,33.667,404,33.667,404,-0.57884,454.81
6,2,29,1,101,101,0,0,0,247.06,-111.69,33.667,404,33.667,404,-0.57884,454.81
6,2,30,1,101,101,0,0,0,247.06,-111.69,33.667,404,33.667,404,-0.57884,454.81
6,3,1,1,101,101,0,0,-250.27,247.06,-103.66,33.667,202,33.667,202,3.2115,658.48
6,3,2,1,0,0,0.5,0.5,27.119,247.06,-103.66,33.667,202,33.667,202,3.2115,658.48
6,3,3,1,0,0,0.44873,0.44873,-10.316,247.06,-103.66,33.667,202,33.667,202,3.2115,658.48
6,3,4,1,0,0,0.5,0.5,20.562,247.06,-103.66,33.667,202,33.667,202,3.2115,658.48
6,3,5,1,0,0,0.28632,0.28632,-79.708,247.06,-103.66,33.667,202,33.667,202,3.2115,658.48
6,3,6,1,0,0,0.28632,0.28632,52.292,247.06,-103.66,33.667,202,33.667,202,3.2115,658.48
6,3,7,1,0,0,0.28632,0.28632,52.292,247.06,-103.66,33.667,202,33.667,202,3.2115,658.48
6,3,8,1,0,0,0.28632,0.28632,52.292,247.06,-103.66,33.667,202,33.667,202,3.2115,658.48
6,3,9,1,0,0,0.28632,0.28632,52.292,247.06,-103.66,33.667,202,33.667,202,3.2115,658.48
6,3,10,1,0,0,0.44873,0.44873,20.459,247.06,-103.66,33.667,202,33.667,202,3.2115,658.48
6,3,11,1,0,0,0.5,0.5,20.562,247.06,-103.66,33.667,202,33.667,202,3.2115,658.48
6,3,12,1,0,0,0.45123,0.45123,17.156,247.06,-103.66,33.667,202,33.667,202,3.2115,658.48
6,3,13,1,0,0,0.45123,0.45123,30.156,247.06,-103.66,33.667,202,33.667,202,3.2115,658.48
6,3,14,1,0,0,0.45123,0.45123,30.156,247.06,-103.66,33.667,202,33.667,202,3.2115,658.48
6,3,15,1,0,0,0.45123,0.45123,30.156,247.06,-103.66,33.667,202,33.667,202,3.2115,658.48
6,3,16,1,0,0,0.45123,0.45123,30.156,247.06,-103.66,33.667,202,33.667,202,3.2115,658.48
6,3,17,1,0,0,0.5,0.5,-0.60034,247.06,-103.66,33.667,202,33.667,202,3.2115,658.48
6,3,18,1,0,0,0.5,0.5,0.39966,247.06,-103.66,33.667,202,33.667,202,3.2115,658.48
6,3,19,1,0,0,0.5,0.5,0.39966,247.06,-103.66,33.667,202,33.667,202,3.2115,658.48
6,3,20,1,0,0,0.5,0.5,0.39966,247.06,-103.66,33.667,202,33.667,202,3.2115,658.48
6,3,21,1,0,0,0.5,0.5,0.39966,247.06,-103.66,33.667,202,33.667,202,3.2115,658.48
6,3,22,1,101,101,0,0,0,247.06,-103.66,33.667,202,33.667,202,3.2115,658.48
6,3,23,1,101,101,0,0,0,247.06,-103.66,33.667,202,33.667,202,3.2115,658.48
6,3,24,1,101,101,0,0,0,247.06,-103.66,33.667,202,33.667,202,3.2115,658.48
6,3,25,1,101,101,0,0,0,247.06,-103.66,33.667,202,33.667,202,3.2115,658.48
6,3,26,1,101,101,0,0,0,247.06,-103.66,33.667,202,33.667,202,3.2115,658.48
6,3,27,1,101,101,0,0,0,247.06,-103.66,33.667,202,33.667,202,3.2115,658.48
6,3,28,1,101,101,0,0,0,247.06,-103.66,33.667,202,33.667,202,3.2115,658.48
6,3,29,1,101,101,0,0,0,247.06,-103.66,33.667,202,33.667,202,3.2115,658.48
6,3,30,1,101,101,0,0,0,247.06,-103.66,33.667,202,33.667,202,3.2115,658.48
1,1,1,2,101,101,0,0,-132.19,163.92,316.4,33.667,202,33.667,202,29.431,460.65
1,1,2,2,0,0,0.33396,0.33396,43.815,163.92,316.4,33.667,202,33.667,202,29.431,460.65
1,1,3,2,0,0,0.33396,0.33396,54.815,163.92,316.4,33.667,202,33.667,202,29.431,460.65
1,1,4,2,0,0,0.33396,0.33396,54.815,163.92,316.4,33.667,202,33.667,202,29.431,460.65
1,1,5,2,0,0,0.33396,0.33396,54.815,163.92,316.4,33.667,202,33.667,202,29.431,460.65
1,1,6,2,0,0,0.33396,0.33396,54.815,163.92,316.4,33.667,202,33.667,202,29.431,460.65
1,1,7,2,0,0,0.45688,0.45688,58.229,163.92,316.4,33.667,202,33.667,202,29.431,460.65
1,1,8,2,0,0,0.45688,0.45688,59.229,163.92,316.4,33.667,202,33.667,202,29.431,460.65
1,1,9,2,0,0,0.45688,0.45688,59.229,163.92,316.4,33.667,202,33.667,202,29.431,460.65
1,1,10,2,0,0,0.45688,0.45688,59.229,163.92,316.4,33.667,202,33.667,202,29.431,460.65
1,1,11,2,0,0,0.45688,0.45688,59.229,163.92,316.4,33.667,202,33.667,202,29.431,460.65
1,1,12,2,0,0,0.45688,0.45688,59.229,163.92,316.4,33.667,202,33.667,202,29.431,460.65
1,1,13,2,0,0,0.45688,0.45688,59.229,163.92,316.4,33.667,202,33.667,202,29.431,460.65
1,1,14,2,0,0,0.45688,0.45688,59.229,163.92,316.4,33.667,202,33.667,202,29.431,460.65
1,1,15,2,0,0,0.45688,0.45688,59.229,163.92,316.4,33.667,202,33.667,202,29.431,460.65
1,1,16,2,0,0,0.45688,0.45688,59.229,163.92,316.4,33.667,202,33.667,202,29.431,460.65
1,1,17,2,0,0,0.34943,0.34943,-51.846,163.92,316.4,33.667,202,33.667,202,29.431,460.65
1,1,18,2,0,0,0.34943,0.34943,53.154,163.92,316.4,33.667,202,33.667,202,29.431,460.65
1,1,19,2,0,0,0.34943,0.34943,53.154,163.92,316.4,33.667,202,33.667,202,29.431,460.65
1,1,20,2,0,0,0.34943,0.34943,53.154,163.92,316.4,33.667,202,33.667,202,29.431,460.65
1,1,21,2,0,0,0.34943,0.34943,53.154,163.92,316.4,33.667,202,33.667,202,29.431,460.65
1,1,22,2,101,101,0,0,0,163.92,316.4,33.667,202,33.667,202,29.431,460.65
1,1,23,2,101,101,0,0,0,163.92,316.4,33.667,202,33.667,202,29.431,460.65
1,1,24,2,101,101,0,0,0,163.92,316.4,33.667,202,33.667,202,29.431,460.65
1,1,25,2,101,101,0,0,0,163.92,316.4,33.667,202,33.667,202,29.431,460.65
1,1,26,2,101,101,0,0,0,163.92,316.4,33.667,202,33.667,202,29.431,460.65
1,1,27,2,101,101,0,0,0,163.92,316.4,33.667,202,33.667,202,29.431,460.65
1,1,28,2,101,101,0,0,0,163.92,316.4,33.667,202,33.667,202,29.431,460.65
1,1,29,2,101,101,0,0,0,163.92,316.4,33.667,202,33.667,202,29.431,460.65
1,1,30,2,101,101,0,0,0,163.92,316.4,33.667,202,33.667,202,29.431,460.65
1,2,1,2,101,101,0,0,-132.19,163.92,105.91,33.667,404,33.667,404,8.5492,426.01
1,2,2,2,0,0,0.5,0.5,56.229,163.92,105.91,33.667,404,33.667,404,8.5492,426.01
1,2,3,2,0,0,0.5,0.5,59.229,163.92,105.91,33.667,404,33.667,404,8.5492,426.01
1,2,4,2,0,0,0.5,0.5,59.229,163.92,105.91,33.667,404,33.667,404,8.5492,426.01
1,2,5,2,0,0,0.5,0.5,59.229,163.92,105.91,33.667,404,33.667,404,8.5492,426.01
1,2,6,2,0,0,0.5,0.5,59.229,163.92,105.91,33.667,404,33.667,404,8.5492,426.01
1,2,7,2,0,0,0.34417,0.34417,-57.987,163.92,105.91,33.667,404,33.667,404,8.5492,426.01
1,2,8,2,0,0,0.34417,0.34417,19.013,163.92,105.91,33.667,404,33.667,404,8.5492,426.01
1,2,9,2,0,0,0.34417,0.34417,19.013,163.92,105.91,33.667,404,33.667,404,8.5492,426.01
1,2,10,2,0,0,0.34417,0.34417,19.013,163.92,105.91,33.667,404,33.667,404,8.5492,426.01
1,2,11,2,0,0,0.34417,0.34417,19.013,163.92,105.91,33.667,404,33.667,404,8.5492,426.01
1,2,12,2,101,101,0,0,0,163.92,105.91,33.667,404,33.667,404,8.5492,426.01
1,2,13,2,0,0,0.42129,0.42129,0.40801,163.92,105.91,33.667,404,33.667,404,8.5492,426.01
1,2,14,2,0,0,0.42129,0.42129,6.408,163.92,105.91,33.667,404,33.667,404,8.5492,426.01
1,2,15,2,0,0,0.42129,0.42129,6.408,163.92,105.91,33.667,404,33.667,404,8.5492,426.01
1,2,16,2,0,0,0.42129,0.42129,6.408,163.92,105.91,33.667,404,33.667,404,8.5492,426.01
1,2,17,2,0,0,0.42129,0.42129,6.408,163.92,105.91,33.667,404,33.667,404,8.5492,426.01
1,2,18,2,0,0,0.45688,0.45688,8.6835,163.92,105.91,33.667,404,33.667,404,8.5492,426.01
1,2,19,2,0,0,0.45688,0.45688,10.684,163.92,105.91,33.667,404,33.667,404,8.5492,426.01
1,2,20,2,0,0,0.45688,0.45688,10.684,163.92,105.91,33.667,404,33.667,404,8.5492,426.01
1,2,21,2,0,0,0.45688,0.45688,10.684,163.92,105.91,33.667,404,33.667,404,8.5492,426.01
1,2,22,2,0,0,0.45688,0.45688,10.684,163.92,105.91,33.667,404,33.667,404,8.5492,426.01
1,2,23,2,101,101,0,0,0,163.92,105.91,33.667,404,33.667,404,8.5492,426.01
1,2,24,2,101,101,0,0,0,163.92,105.91,33.667,404,33.667,404,8.5492,426.01
1,2,25,2,101,101,0,0,0,163.92,105.91,33.667,404,33.667,404,8.5492,426.01
1,2,26,2,101,101,0,0,0,163.92,105.91,33.667,404,33.667,404,8.5492,426.01
1,2,27,2,101,101,0,0,0,163.92,105.91,33.667,404,33.667,404,8.5492,426.01
1,2,28,2,101,101,0,0,0,163.92,105.91,33.667,404,33.667,404,8.5492,426.01
1,2,29,2,101,101,0,0,0,163.92,105.91,33.667,404,33.667,404,8.5492,426.01
1,2,30,2,101,101,0,0,0,163.92,105.91,33.667,404,33.667,404,8.5492,426.01
1,3,1,2,101,101,0,0,-132.19,163.92,265.51,33.667,202,33.667,202,19.696,286.65
1,3,2,2,0,0,0.44873,0.44873,55.229,163.92,265.51,33.667,202,33.667,202,19.696,286.65
1,3,3,2,0,0,0.44873,0.44873,59.229,163.92,265.51,33.667,202,33.667,202,19.696,286.65
1,3,4,2,0,0,0.44873,0.44873,59.229,163.92,265.51,33.667,202,33.667,202,19.696,286.65
1,3,5,2,0,0,0.44873,0.44873,59.229,163.92,265.51,33.667,202,33.667,202,19.696,286.65
1,3,6,2,0,0,0.44873,0.44873,59.229,163.92,265.51,33.667,202,33.667,202,19.696,286.65
1,3,7,2,0,0,0.44873,0.44873,55.229,163.92,265.51,33.667,202,33.667,202,19.696,286.65
1,3,8,2,0,0,0.44873,0.44873,59.229,163.92,265.51,33.667,202,33.667,202,19.696,286.65
1,3,9,2,0,0,0.44873,0.44873,59.229,163.92,265.51,33.667,202,33.667,202,19.696,286.65
1,3,10,2,0,0,0.44873,0.44873,59.229,163.92,265.51,33.667,202,33.667,202,19.696,286.65
1,3,11,2,0,0,0.44873,0.44873,59.229,163.92,265.51,33.667,202,33.667,202,19.696,286.65
1,3,12,2,0,0,0.45123,0.45123,17.156,163.92,265.51,33.667,202,33.667,202,19.696,286.65
1,3,13,2,0,0,0.45123,0.45123,30.156,163.92,265.51,33.667,202,33.667,202,19.696,286.65
1,3,14,2,0,0,0.45123,0.45123,30.156,163.92,265.51,33.667,202,33.667,202,19.696,286.65
1,3,15,2,0,0,0.45123,0.45123,30.156,163.92,265.51,33.667,202,33.667,202,19.696,286.65
1,3,16,2,0,0,0.45123,0.45123,30.156,163.92,265.51,33.667,202,33.667,202,19.696,286.65
1,3,17,2,0,0,0.5,0.5,-0.60034,163.92,265.51,33.667,202,33.667,202,19.696,286.65
1,3,18,2,0,0,0.5,0.5,0.39966,163.92,265.51,33.667,202,33.667,202,19.696,286.65
1,3,19,2,0,0,0.5,0.5,0.39966,163.92,265.51,33.667,202,33.667,202,19.696,286.65
1,3,20,2,0,0,0.5,0.5,0.39966,163.92,265.51,33.667,202,33.667,202,19.696,286.65
1,3,21,2,0,0,0.5,0.5,0.39966,163.92,265.51,33.667,202,33.667,202,19.696,286.65
1,3,22,2,101,101,0,0,0,163.92,265.51,33.667,202,33.667,202,19.696,286.65
1,3,23,2,101,101,0,0,0,163.92,265.51,33.667,202,33.667,202,19.696,286.65
1,3,24,2,101,101,0,0,0,163.92,265.51,33.667,202,33.667,202,19.696,286.65
1,3,25,2,101,101,0,0,0,163.92,265.51,33.667,202,33.667,202,19.696,286.65
1,3,26,2,101,101,0,0,0,163.92,265.51,33.667,202,33.667,202,19.696,286.65
1,3,27,2,101,101,0,0,0,163.92,265.51,33.667,202,33.667,202,19.696,286.65
1,3,28,2,101,101,0,0,0,163.92,265.51,33.667,202,33.667,202,19.696,286.65
1,3,29,2,101,101,0,0,0,163.92,265.51,33.667,202,33.667,202,19.696,286.65
1,3,30,2,101,101,0,0,0,163.92,265.51,33.667,202,33.667,202,19.696,286.65
2,1,1,2,101,101,0,0,-229.84,210.41,207.84,33.667,202,33.667,202,25.776,558.3
2,1,2,2,0,0,0.33396,0.33396,31.815,210.41,207.84,33.667,202,33.667,202,25.776,558.3
2,1,3,2,0,0,0.33396,0.33396,54.815,210.41,207.84,33.667,202,33.667,202,25.776,558.3
2,1,4,2,0,0,0.33396,0.33396,54.815,210.41,207.84,33.667,202,33.667,202,25.776,558.3
2,1,5,2,0,0,0.33396,0.33396,54.815,210.41,207.84,33.667,202,33.667,202,25.776,558.3
2,1,6,2,0,0,0.33396,0.33396,54.815,210.41,207.84,33.667,202,33.667,202,25.776,558.3
2,1,7,2,0,0,0.45688,0.45688,58.229,210.41,207.84,33.667,202,33.667,202,25.776,558.3
2,1,8,2,0,0,0.45688,0.45688,59.229,210.41,207.84,33.667,202,33.667,202,25.776,558.3
2,1,9,2,0,0,0.45688,0.45688,59.229,210.41,207.84,33.667,202,33.667,202,25.776,558.3
2,1,10,2,0,0,0.45688,0.45688,59.229,210.41,207.84,33.667,202,33.667,202,25.776,558.3
2,1,11,2,0,0,0.45688,0.45688,59.229,210.41,207.84,33.667,202,33.667,202,25.776,558.3
2,1,12,2,0,0,0.45688,0.45688,59.229,210.41,207.84,33.667,202,33.667,202,25.776,558.3
2,1,13,2,0,0,0.45688,0.45688,59.229,210.41,207.84,33.667,202,33.667,202,25.776,558.3
2,1,14,2,0,0,0.45688,0.45688,59.229,210.41,207.84,33.667,202,33.667,202,25.776,558.3
2,1,15,2,0,0,0.45688,0.45688,59.229,210.41,207.84,33.667,202,33.667,202,25.776,558.3
2,1,16,2,0,0,0.45688,0.45688,59.229,210.41,207.84,33.667,202,33.667,202,25.776,558.3
2,1,17,2,0,0,0.34943,0.34943,-51.846,210.41,207.84,33.667,202,33.667,202,25.776,558.3
2,1,18,2,0,0,0.34943,0.34943,53.154,210.41,207.84,33.667,202,33.667,202,25.776,558.3
2,1,19,2,0,0,0.34943,0.34943,53.154,210.41,207.84,33.667,202,33.667,202,25.776,558.3
2,1,20,2,0,0,0.34943,0.34943,53.154,210.41,207.84,33.667,202,33.667,202,25.776,558.3
2,1,21,2,0,0,0.34943,0.34943,53.154,210.41,207.84,33.667,202,33.667,202,25.776,558.3
2,1,22,2,101,101,0,0,0,210.41,207.84,33.667,202,33.667,202,25.776,558.3
2,1,23,2,101,101,0,0,0,210.41,207.84,33.667,202,33.667,202,25.776,558.3
2,1,24,2,101,101,0,0,0,210.41,207.84,33.667,202,33.667,202,25.776,558.3
2,1,25,2,101,101,0,0,0,210.41,207.84,33.667,202,33.667,202,25.776,558.3
2,1,26,2,101,101,0,0,0,210.41,207.84,33.667,202,33.667,202,25.776,558.3
2,1,27,2,101,101,0,0,0,210.41,207.84,33.667,202,33.667,202,25.776,558.3
2,1,28,2,101,101,0,0,0,210.41,207.84,33.667,202,33.667,202,25.776,558.3
2,1,29,2,101,101,0,0,0,210.41,207.84,33.667,202,33.667,202,25.776,558.3
2,1,30,2,101,101,0,0,0,210.41,207.84,33.667,202,33.667,202,25.776,558.3
2,2,1,2,101,101,0,0,-229.84,210.41,8.2634,33.667,404,33.667,404,5.2942,523.66
2,2,2,2,0,0,0.5,0.5,56.229,210.41,8.2634,33.667,404,33.667,404,5.2942,523.66
2,2,3,2,0,0,0.5,0.5,59.229,210.41,8.2634,33.667,404,33.667,404,5.2942,523.66
2,2,4,2,0,0,0.5,0.5,59.229,210.41,8.2634,33.667,404,33.667,404,5.2942,523.66
2,2,5,2,0,0,0.5,0.5,59.229,210.41,8.2634,33.667,404,33.667,404,5.2942,523.66
2,2,6,2,0,0,0.5,0.5,59.229,210.41,8.2634,33.667,404,33.667,404,5.2942,523.66
2,2,7,2,0,0,0.34417,0.34417,-57.987,210.41,8.2634,33.667,404,33.667,404,5.2942,523.66
2,2,8,2,0,0,0.34417,0.34417,19.013,210.41,8.2634,33.667,404,33.667,404,5.2942,523.66
2,2,9,2,0,0,0.34417,0.34417,19.013,210.41,8.2634,33.667,404,33.667,404,5.2942,523.66
2,2,10,2,0,0,0.34417,0.34417,19.013,210.41,8.2634,33.667,404,33.667,404,5.2942,523.66
2,2,11,2,0,0,0.34417,0.34417,19.013,210.41,8.2634,33.667,404,33.667,404,5.2942,523.66
2,2,12,2,101,101,0,0,0,210.41,8.2634,33.667,404,33.667,404,5.2942,523.66
2,2,13,2,0,0,0.42129,0.42129,0.40801,210.41,8.2634,33.667,404,33.667,404,5.2942,523.66
2,2,14,2,0,0,0.42129,0.42129,6.408,210.41,8.2634,33.667,404,33.667,404,5.2942,523.66
2,2,15,2,0,0,0.42129,0.42129,6.408,210.41,8.2634,33.667,404,33.667,404,5.2942,523.66
2,2,16,2,0,0,0.42129,0.42129,6.408,210.41,8.2634,33.667,404,33.667,404,5.2942,523.66
2,2,17,2,0,0,0.42129,0.42129,6.408,210.41,8.2634,33.667,404,33.667,404,5.2942,523.66
2,2,18,2,0,0,0.45688,0.45688,8.6835,210.41,8.2634,33.667,404,33.667,404,5.2942,523.66
2,2,19,2,0,0,0.45688,0.45688,10.684,210.41,8.2634,33.667,404,33.667,404,5.2942,523.66
2,2,20,2,0,0,0.45688,0.45688,10.684,210.41,8.2634,33.667,404,33.667,404,5.2942,523.66
2,2,21,2,0,0,0.45688,0.45688,10.684,210.41,8.2634,33.667,404,33.667,404,5.2942,523.66
2,2,22,2,0,0,0.45688,0.45688,10.684,210.41,8.2634,33.667,404,33.667,404,5.2942,523.66
2,2,23,2,101,101,0,0,0,210.41,8.2634,33.667,404,33.667,404,5.2942,523.66
2,2,24,2,101,101,0,0,0,210.41,8.2634,33.667,404,33.667,404,5.2942,523.66
2,2,25,2,101,101,0,0,0,210.41,8.2634,33.667,404,33.667,404,5.2942,523.66
2,2,26,2,101,101,0,0,0,210.41,8.2634,33.667,404,33.667,404,5.2942,523.66
2,2,27,2,101,101,0,0,0,210.41,8.2634,33.667,404,33.667,404,5.2942,523.66
2,2,28,2,101,101,0,0,0,210.41,8.2634,33.667,404,33.667,404,5.2942,523.66
2,2,29,2,101,101,0,0,0,210.41,8.2634,33.667,404,33.667,404,5.2942,523.66
2,2,30,2,101,101,0,0,0,210.41,8.2634,33.667,404,33.667,404,5.2942,523.66
2,3,1,2,101,101,0,0,-229.84,210.41,142.81,33.667,202,33.667,202,15.307,418.3
2,3,2,2,0,0,0.44873,0.44873,38.229,210.41,142.81,33.667,202,33.667,202,15.307,418.3
2,3,3,2,0,0,0.44873,0.44873,59.229,210.41,142.81,33.667,202,33.667,202,15.307,418.3
2,3,4,2,0,0,0.44873,0.44873,59.229,210.41,142.81,33.667,202,33.667,202,15.307,418.3
2,3,5,2,0,0,0.44873,0.44873,59.229,210.41,142.81,33.667,202,33.667,202,15.307,418.3
2,3,6,2,0,0,0.44873,0.44873,59.229,210.41,142.81,33.667,202,33.667,202,15.307,418.3
2,3,7,2,0,0,0.44873,0.44873,38.229,210.41,142.81,33.667,202,33.667,202,15.307,418.3
2,3,8,2,0,0,0.44873,0.44873,59.229,210.41,142.81,33.667,202,33.667,202,15.307,418.3
2,3,9,2,0,0,0.44873,0.44873,59.229,210.41,142.81,33.667,202,33.667,202,15.307,418.3
2,3,10,2,0,0,0.44873,0.44873,59.229,210.41,142.81,33.667,202,33.667,202,15.307,418.3
2,3,11,2,0,0,0.44873,0.44873,59.229,210.41,142.81,33.667,202,33.667,202,15.307,418.3
2,3,12,2,0,0,0.45123,0.45123,17.156,210.41,142.81,33.667,202,33.667,202,15.307,418.3
2,3,13,2,0,0,0.45123,0.45123,30.156,210.41,142.81,33.667,202,33.667,202,15.307,418.3
2,3,14,2,0,0,0.45123,0.45123,30.156,210.41,142.81,33.667,202,33.667,202,15.307,418.3
2,3,15,2,0,0,0.45123,0.45123,30.156,210.41,142.81,33.667,202,33.667,202,15.307,418.3
2,3,16,2,0,0,0.45123,0.45123,30.156,210.41,142.81,33.667,202,33.667,202,15.307,418.3
2,3,17,2,0,0,0.5,0.5,-0.60034,210.41,142.81,33.667,202,33.667,202,15.307,418.3
2,3,18,2,0,0,0.5,0.5,0.39966,210.41,142.81,33.667,202,33.667,202,15.307,418.3
2,3,19,2,0,0,0.5,0.5,0.39966,210.41,142.81,33.667,202,33.667,202,15.307,418.3
2,3,20,2,0,0,0.5,0.5,0.39966,210.41,142.81,33.667,202,33.667,202,15.307,418.3
2,3,21,2,0,0,0.5,0.5,0.39966,210.41,142.81,33.667,202,33.667,202,15.307,418.3
2,3,22,2,101,101,0,0,0,210.41,142.81,33.667,202,33.667,202,15.307,418.3
2,3,23,2,101,101,0,0,0,210.41,142.81,33.667,202,33.667,202,15.307,418.3
2,3,24,2,101,101,0,0,0,210.41,142.81,33.667,202,33.667,202,15.307,418.3
2,3,25,2,101,101,0,0,0,210.41,142.81,33.667,202,33.667,202,15.307,418.3
2,3,26,2,101,101,0,0,0,210.41,142.81,33.667,202,33.667,202,15.307,418.3
2,3,27,2,101,101,0,0,0,210.41,142.81,33.667,202,33.667,202,15.307,418.3
2,3,28,2,101,101,0,0,0,210.41,142.81,33.667,202,33.667,202,15.307,418.3
2,3,29,2,101,101,0,0,0,210.41,142.81,33.667,202,33.667,202,15.307,418.3
2,3,30,2,101,101,0,0,0,210.41,142.81,33.667,202,33.667,202,15.307,418.3
3,1,1,2,101,101,0,0,-167.89,214.96,276.15,33.667,202,33.667,202,28.075,496.34
3,1,2,2,0,0,0.33396,0.33396,38.815,214.96,276.15,33.667,202,33.667,202,28.075,496.34
3,1,3,2,0,0,0.33396,0.33396,54.815,214.96,276.15,33.667,202,33.667,202,28.075,496.34
3,1,4,2,0,0,0.33396,0.33396,54.815,214.96,276.15,33.667,202,33.667,202,28.075,496.34
3,1,5,2,0,0,0.33396,0.33396,54.815,214.96,276.15,33.667,202,33.667,202,28.075,496.34
3,1,6,2,0,0,0.33396,0.33396,54.815,214.96,276.15,33.667,202,33.667,202,28.075,496.34
3,1,7,2,0,0,0.45688,0.45688,58.229,214.96,276.15,33.667,202,33.667,202,28.075,496.34
3,1,8,2,0,0,0.45688,0.45688,59.229,214.96,276.15,33.667,202,33.667,202,28.075,496.34
3,1,9,2,0,0,0.45688,0.45688,59.229,214.96,276.15,33.667,202,33.667,202,28.075,496.34
3,1,10,2,0,0,0.45688,0.45688,59.229,214.96,276.15,33.667,202,33.667,202,28.075,496.34
3,1,11,2,0,0,0.45688,0.45688,59.229,214.96,276.15,33.667,202,33.667,202,28.075,496.34
3,1,12,2,0,0,0.45688,0.45688,59.229,214.96,276.15,33.667,202,33.667,202,28.075,496.34
3,1,13,2,0,0,0.45688,0.45688,59.229,214.96,276.15,33.667,202,33.667,202,28.075,496.34
3,1,14,2,0,0,0.45688,0.45688,59.229,214.96,276.15,33.667,202,33.667,202,28.075,496.34
3,1,15,2,0,0,0.45688,0.45688,59.229,214.96,276.15,33.667,202,33.667,202,28.075,496.34
3,1,16,2,0,0,0.45688,0.45688,59.229,214.96,276.15,33.667,202,33.667,202,28.075,496.34
3,1,17,2,0,0,0.34943,0.34943,-51.846,214.96,276.15,33.667,202,33.667,202,28.075,496.34
3,1,18,2,0,0,0.34943,0.34943,53.154,214.96,276.15,33.667,202,33.667,202,28.075,496.34
3,1,19,2,0,0,0.34943,0.34943,53.154,214.96,276.15,33.667,202,33.667,202,28.075,496.34
3,1,20,2,0,0,0.34943,0.34943,53.154,214.96,276.15,33.667,202,33.667,202,28.075,496.34
3,1,21,2,0,0,0.34943,0.34943,53.154,214.96,276.15,33.667,202,33.667,202,28.075,496.34
3,1,22,2,101,101,0,0,0,214.96,276.15,33.667,202,33.667,202,28.075,496.34
3,1,23,2,101,101,0,0,0,214.96,276.15,33.667,202,33.667,202,28.075,496.34
3,1,24,2,101,101,0,0,0,214.96,276.15,33.667,202,33.667,202,28.075,496.34
3,1,25,2,101,101,0,0,0,214.96,276.15,33.667,202,33.667,202,28.075,496.34
3,1,26,2,101,101,0,0,0,214.96,276.15,33.667,202,33.667,202,28.075,496.34
3,1,27,2,101,101,0,0,0,214.96,276.15,33.667,202,33.667,202,28.075,496.34
3,1,28,2,101,101,0,0,0,214.96,276.15,33.667,202,33.667,202,28.075,496.34
3,1,29,2,101,101,0,0,0,214.96,276.15,33.667,202,33.667,202,28.075,496.34
3,1,30,2,101,101,0,0,0,214.96,276.15,33.667,202,33.667,202,28.075,496.34
3,2,1,2,101,101,0,0,-167.89,214.96,69.307,33.667,404,33.667,404,7.3259,461.71
3,2,2,2,0,0,0.5,0.5,55.229,214.96,69.307,33.667,404,33.667,404,7.3259,461.71
3,2,3,2,0,0,0.5,0.5,59.229,214.96,69.307,33.667,404,33.667,404,7.3259,461.71
3,2,4,2,0,0,0.5,0.5,59.229,214.96,69.307,33.667,404,33.667,404,7.3259,461.71
3,2,5,2,0,0,0.5,0.5,59.229,214.96,69.307,33.667,404,33.667,404,7.3259,461.71
3,2,6,2,0,0,0.5,0.5,59.229,214.96,69.307,33.667,404,33.667,404,7.3259,461.71
3,2,7,2,0,0,0.34417,0.34417,-57.987,214.96,69.307,33.667,404,33.667,404,7.3259,461.71
3,2,8,2,0,0,0.34417,0.34417,19.013,214.96,69.307,33.667,404,33.667,404,7.3259,461.71
3,2,9,2,0,0,0.34417,0.34417,19.013,214.96,69.307,33.667,404,33.667,404,7.3259,461.71
3,2,10,2,0,0,0.34417,0.34417,19.013,214.96,69.307,33.667,404,33.667,404,7.3259,461.71
3,2,11,2,0,0,0.34417,0.34417,19.013,214.96,69.307,33.667,404,33.667,404,7.3259,461.71
3,2,12,2,101,101,0,0,0,214.96,69.307,33.667,404,33.667,404,7.3259,461.71
3,2,13,2,0,0,0.42129,0.42129,0.40801,214.96,69.307,33.667,404,33.667,404,7.3259,461.71
3,2,14,2,0,0,0.42129,0.42129,6.408,214.96,69.307,33.667,404,33.667,404,7.3259,461.71
3,2,15,2,0,0,0.42129,0.42129,6.408,214.96,69.307,33.667,404,33.667,404,7.3259,461.71
3,2,16,2,0,0,0.42129,0.42129,6.408,214.96,69.307,33.667,404,33.667,404,7.3259,461.71
3,2,17,2,0,0,0.42129,0.42129,6.408,214.96,69.307,33.667,404,33.667,404,7.3259,461.71
3,2,18,2,0,0,0.45688,0.45688,8.6835,214.96,69.307,33.667,404,33.667,404,7.3259,461.71
3,2,19,2,0,0,0.45688,0.45688,10.684,214.96,69.307,33.667,404,33.667,404,7.3259,461.71
3,2,20,2,0,0,0.45688,0.45688,10.684,214.96,69.307,33.667,404,33.667,404,7.3259,461.71
3,2,21,2,0,0,0.45688,0.45688,10.684,214.96,69.307,33.667,404,33.667,404,7.3259,461.71
3,2,22,2,0,0,0.45688,0.45688,10.684,214.96,69.307,33.667,404,33.667,404,7.3259,461.71
3,2,23,2,101,101,0,0,0,214.96,69.307,33.667,404,33.667,404,7.3259,461.71
3,2,24,2,101,101,0,0,0,214.96,69.307,33.667,404,33.667,404,7.3259,461.71
3,2,25,2,101,101,0,0,0,214.96,69.307,33.667,404,33.667,404,7.3259,461.71
3,2,26,2,101,101,0,0,0,214.96,69.307,33.667,404,33.667,404,7.3259,461.71
3,2,27,2,101,101,0,0,0,214.96,69.307,33.667,404,33.667,404,7.3259,461.71
3,2,28,2,101,101,0,0,0,214.96,69.307,33.667,404,33.667,404,7.3259,461.71
3,2,29,2,101,101,0,0,0,214.96,69.307,33.667,404,33.667,404,7.3259,461.71
3,2,30,2,101,101,0,0,0,214.96,69.307,33.667,404,33.667,404,7.3259,461.71
3,3,1,2,101,101,0,0,-167.89,214.96,216.55,33.667,202,33.667,202,17.906,340.34
3,3,2,2,0,0,0.44873,0.44873,46.229,214.96,216.55,33.667,202,33.667,202,17.906,340.34
3,3,3,2,0,0,0.44873,0.44873,59.229,214.96,216.55,33.667,202,33.667,202,17.906,340.34
3,3,4,2,0,0,0.44873,0.44873,59.229,214.96,216.55,33.667,202,33.667,202,17.906,340.34
3,3,5,2,0,0,0.44873,0.44873,59.229,214.96,216.55,33.667,202,33.667,202,17.906,340.34
3,3,6,2,0,0,0.44873,0.44873,59.229,214.96,216.55,33.667,202,33.667,202,17.906,340.34
3,3,7,2,0,0,0.44873,0.44873,46.229,214.96,216.55,33.667,202,33.667,202,17.906,340.34
3,3,8,2,0,0,0.44873,0.44873,59.229,214.96,216.55,33.667,202,33.667,202,17.906,340.34
3,3,9,2,0,0,0.44873,0.44873,59.229,214.96,216.55,33.667,202,33.667,202,17.906,340.34
3,3,10,2,0,0,0.44873,0.44873,59.229,214.96,216.55,33.667,202,33.667,202,17.906,340.34
3,3,11,2,0,0,0.44873,0.44873,59.229,214.96,216.55,33.667,202,33.667,202,17.906,340.34
3,3,12,2,0,0,0.45123,0.45123,17.156,214.96,216.55,33.667,202,33.667,202,17.906,340.34
3,3,13,2,0,0,0.45123,0.45123,30.156,214.96,216.55,33.667,202,33.667,202,17.906,340.34
3,3,14,2,0,0,0.45123,0.45123,30.156,214.96,216.55,33.667,202,33.667,202,17.906,340.34
3,3,15,2,0,0,0.45123,0.45123,30.156,214.96,216.55,33.667,202,33.667,202,17.906,340.34
3,3,16,2,0,0,0.45123,0.45123,30.156,214.96,216.55,33.667,202,33.667,202,17.906,340.34
3,3,17,2,0,0,0.5,0.5,-0.60034,214.96,216.55,33.667,202,33.667,202,17.906,340.34
3,3,18,2,0,0,0.5,0.5,0.39966,214.96,216.55,33.667,202,33.667,202,17.906,340.34
3,3,19,2,0,0,0.5,0.5,0.39966,214.96,216.55,33.667,202,33.667,202,17.906,340.34
3,3,20,2,0,0,0.5,0.5,0.39966,214.96,216.55,33.667,202,33.667,202,17.906,340.34
3,3,21,2,0,0,0.5,0.5,0.39966,214.96,216.55,33.667,202,33.667,202,17.906,340.34
3,3,22,2,101,101,0,0,0,214.96,216.55,33.667,202,33.667,202,17.906,340.34
3,3,23,2,101,101,0,0,0,214.96,216.55,33.667,202,33.667,202,17.906,340.34
3,3,24,2,101,101,0,0,0,214.96,216.55,33.667,202,33.667,202,17.906,340.34
3,3,25,2,101,101,0,0,0,214.96,216.55,33.667,202,33.667,202,17.906,340.34
3,3,26,2,101,101,0,0,0,214.96,216.55,33.667,202,33.667,202,17.906,340.34
3,3,27,2,101,101,0,0,0,214.96,216.55,33.667,202,33.667,202,17.906,340.34
3,3,28,2,101,101,0,0,0,214.96,216.55,33.667,202,33.667,202,17.906,340.34
3,3,29,2,101,101,0,0,0,214.96,216.55,33.667,202,33.667,202,17.906,340.34
3,3,30,2,101,101,0,0,0,214.96,216.55,33.667,202,33.667,202,17.906,340.34
4,1,1,2,101,101,0,0,-200.36,236.04,240.95,33.667,202,33.667,202,26.892,528.81
4,1,2,2,0,0,0.33396,0.33396,35.815,236.04,240.95,33.667,202,33.667,202,26.892,528.81
4,1,3,2,0,0,0.33396,0.33396,54.815,236.04,240.95,33.667,202,33.667,202,26.892,528.81
4,1,4,2,0,0,0.33396,0.33396,54.815,236.04,240.95,33.667,202,33.667,202,26.892,528.81
4,1,5,2,0,0,0.33396,0.33396,54.815,236.04,240.95,33.667,202,33.667,202,26.892,528.81
4,1,6,2,0,0,0.33396,0.33396,54.815,236.04,240.95,33.667,202,33.667,202,26.892,528.81
4,1,7,2,0,0,0.45688,0.45688,58.229,236.04,240.95,33.667,202,33.667,202,26.892,528.81
4,1,8,2,0,0,0.45688,0.45688,59.229,236.04,240.95,33.667,202,33.667,202,26.892,528.81
4,1,9,2,0,0,0.45688,0.45688,59.229,236.04,240.95,33.667,202,33.667,202,26.892,528.81
4,1,10,2,0,0,0.45688,0.45688,59.229,236.04,240.95,33.667,202,33.667,202,26.892,528.81
4,1,11,2,0,0,0.45688,0.45688,59.229,236.04,240.95,33.667,202,33.667,202,26.892,528.81
4,1,12,2,0,0,0.45688,0.45688,59.229,236.04,240.95,33.667,202,33.667,202,26.892,528.81
4,1,13,2,0,0,0.45688,0.45688,59.229,236.04,240.95,33.667,202,33.667,202,26.892,528.81
4,1,14,2,0,0,0.45688,0.45688,59.229,236.04,240.95,33.667,202,33.667,202,26.892,528.81
4,1,15,2,0,0,0.45688,0.45688,59.229,236.04,240.95,33.667,202,33.667,202,26.892,528.81
4,1,16,2,0,0,0.45688,0.45688,59.229,236.04,240.95,33.667,202,33.667,202,26.892,528.81
4,1,17,2,0,0,0.34943,0.34943,-51.846,236.04,240.95,33.667,202,33.667,202,26.892,528.81
4,1,18,2,0,0,0.34943,0.34943,53.154,236.04,240.95,33.667,202,33.667,202,26.892,528.81
4,1,19,2,0,0,0.34943,0.34943,53.154,236.04,240.95,33.667,202,33.667,202,26.892,528.81
4,1,20,2,0,0,0.34943,0.34943,53.154,236.04,240.95,33.667,202,33.667,202,26.892,528.81
4,1,21,2,0,0,0.34943,0.34943,53.154,236.04,240.95,33.667,202,33.667,202,26.892,528.81
4,1,22,2,101,101,0,0,0,236.04,240.95,33.667,202,33.667,202,26.892,528.81
4,1,23,2,101,101,0,0,0,236.04,240.95,33.667,202,33.667,202,26.892,528.81
4,1,24,2,101,101,0,0,0,236.04,240.95,33.667,202,33.667,202,26.892,528.81
4,1,25,2,101,101,0,0,0,236.04,240.95,33.667,202,33.667,202,26.892,528.81
4,1,26,2,101,101,0,0,0,236.04,240.95,33.667,202,33.667,202,26.892,528.81
4,1,27,2,101,101,0,0,0,236.04,240.95,33.667,202,33.667,202,26.892,528.81
4,1,28,2,101,101,0,0,0,236.04,240.95,33.667,202,33.667,202,26.892,528.81
4,1,29,2,101,101,0,0,0,236.04,240.95,33.667,202,33.667,202,26.892,528.81
4,1,30,2,101,101,0,0,0,236.04,240.95,33.667,202,33.667,202,26.892,528.81
4,2,1,2,101,101,0,0,-200.36,236.04,32.292,33.667,404,33.667,404,6.0769,494.18
4,2,2,2,0,0,0.5,0.5,50.229,236.04,32.292,33.667,404,33.667,404,6.0769,494.18
4,2,3,2,0,0,0.5,0.5,59.229,236.04,32.292,33.667,404,33.667,404,6.0769,494.18
4,2,4,2,0,0,0.5,0.5,59.229,236.04,32.292,33.667,404,33.667,404,6.0769,494.18
4,2,5,2,0,0,0.5,0.5,59.229,236.04,32.292,33.667,404,33.667,404,6.0769,494.18
4,2,6,2,0,0,0.5,0.5,59.229,236.04,32.292,33.667,404,33.667,404,6.0769,494.18
4,2,7,2,0,0,0.34417,0.34417,-57.987,236.04,32.292,33.667,404,33.667,404,6.0769,494.18
4,2,8,2,0,0,0.34417,0.34417,19.013,236.04,32.292,33.667,404,33.667,404,6.0769,494.18
4,2,9,2,0,0,0.34417,0.34417,19.013,236.04,32.292,33.667,404,33.667,404,6.0769,494.18
4,2,10,2,0,0,0.34417,0.34417,19.013,236.04,32.292,33.667,404,33.667,404,6.0769,494.18
4,2,11,2,0,0,0.34417,0.34417,19.013,236.04,32.292,33.667,404,33.667,404,6.0769,494.18
4,2,12,2,101,101,0,0,0,236.04,32.292,33.667,404,33.667,404,6.0769,494.18
4,2,13,2,0,0,0.42129,0.42129,0.40801,236.04,32.292,33.667,404,33.667,404,6.0769,494.18
4,2,14,2,0,0,0.42129,0.42129,6.408,236.04,32.292,33.667,404,33.667,404,6.0769,494.18
4,2,15,2,0,0,0.42129,0.42129,6.408,236.04,32.292,33.667,404,33.667,404,6.0769,494.18
4,2,16,2,0,0,0.42129,0.42129,6.408,236.04,32.292,33.667,404,33.667,404,6.0769,494.18
4,2,17,2,0,0,0.42129,0.42129,6.408,236.04,32.292,33.667,404,33.667,404,6.0769,494.18
4,2,18,2,0,0,0.45688,0.45688,8.6835,236.04,32.292,33.667,404,33.667,404,6.0769,494.18
4,2,19,2,0,0,0.45688,0.45688,10.684,236.04,32.292,33.667,404,33.667,404,6.0769,494.18
4,2,20,2,0,0,0.45688,0.45688,10.684,236.04,32.292,33.667,404,33.667,404,6.0769,494.18
4,2,21,2,0,0,0.45688,0.45688,10.684,236.04,32.292,33.667,404,33.667,404,6.0769,494.18
4,2,22,2,0,0,0.45688,0.45688,10.684,236.04,32.292,33.667,404,33.667,404,6.0769,494.18
4,2,23,2,101,101,0,0,0,236.04,32.292,33.667,404,33.667,404,6.0769,494.18
4,2,24,2,101,101,0,0,0,236.04,32.292,33.667,404,33.667,404,6.0769,494.18
4,2,25,2,101,101,0,0,0,236.04,32.292,33.667,404,33.667,404,6.0769,494.18
4,2,26,2,101,101,0,0,0,236.04,32.292,33.667,404,33.667,404,6.0769,494.18
4,2,27,2,101,101,0,0,0,236.04,32.292,33.667,404,33.667,404,6.0769,494.18
4,2,28,2,101,101,0,0,0,236.04,32.292,33.667,404,33.667,404,6.0769,494.18
4,2,29,2,101,101,0,0,0,236.04,32.292,33.667,404,33.667,404,6.0769,494.18
4,2,30,2,101,101,0,0,0,236.04,32.292,33.667,404,33.667,404,6.0769,494.18
4,3,1,2,101,101,0,0,-200.36,236.04,188.5,33.667,202,33.667,202,17.023,366.81
4,3,2,2,0,0,0.44873,0.44873,49.229,236.04,188.5,33.667,202,33.667,202,17.023,366.81
4,3,3,2,0,0,0.44873,0.44873,59.229,236.04,188.5,33.667,202,33.667,202,17.023,366.81
4,3,4,2,0,0,0.44873,0.44873,59.229,236.04,188.5,33.667,202,33.667,202,17.023,366.81
4,3,5,2,0,0,0.44873,0.44873,59.229,236.04,188.5,33.667,202,33.667,202,17.023,366.81
4,3,6,2,0,0,0.44873,0.44873,59.229,236.04,188.5,33.667,202,33.667,202,17.023,366.81
4,3,7,2,0,0,0.44873,0.44873,49.229,236.04,188.5,33.667,202,33.667,202,17.023,366.81
4,3,8,2,0,0,0.44873,0.44873,59.229,236.04,188.5,33.667,202,33.667,202,17.023,366.81
4,3,9,2,0,0,0.44873,0.44873,59.229,236.04,188.5,33.667,202,33.667,202,17.023,366.81
4,3,10,2,0,0,0.44873,0.44873,59.229,236.04,188.5,33.667,202,33.667,202,17.023,366.81
4,3,11,2,0,0,0.44873,0.44873,59.229,236.04,188.5,33.667,202,33.667,202,17.023,366.81
4,3,12,2,0,0,0.45123,0.45123,17.156,236.04,188.5,33.667,202,33.667,202,17.023,366.81
4,3,13,2,0,0,0.45123,0.45123,30.156,236.04,188.5,33.667,202,33.667,202,17.023,366.81
4,3,14,2,0,0,0.45123,0.45123,30.156,236.04,188.5,33.667,202,33.667,202,17.023,366.81
4,3,15,2,0,0,0.45123,0.45123,30.156,236.04,188.5,33.667,202,33.667,202,17.023,366.81
4,3,16,2,0,0,0.45123,0.45123,30.156,236.04,188.5,33.667,202,33.667,202,17.023,366.81
4,3,17,2,0,0,0.5,0.5,-0.60034,236.04,188.5,33.667,202,33.667,202,17.023,366.81
4,3,18,2,0,0,0.5,0.5,0.39966,236.04,188.5,33.667,202,33.667,202,17.023,366.81
4,3,19,2,0,0,0.5,0.5,0.39966,236.04,188.5,33.667,202,33.667,202,17.023,366.81
4,3,20,2,0,0,0.5,0.5,0.39966,236.04,188.5,33.667,202,33.667,202,17.023,366.81
4,3,21,2,0,0,0.5,0.5,0.39966,236.04,188.5,33.667,202,33.667,202,17.023,366.81
4,3,22,2,101,101,0,0,0,236.04,188.5,33.667,202,33.667,202,17.023,366.81
4,3,23,2,101,101,0,0,0,236.04,188.5,33.667,202,33.667,202,17.023,366.81
4,3,24,2,101,101,0,0,0,236.04,188.5,33.667,202,33.667,202,17.023,366.81
4,3,25,2,101,101,0,0,0,236.04,188.5,33.667,202,33.667,202,17.023,366.81
4,3,26,2,101,101,0,0,0,236.04,188.5,33.667,202,33.667,202,17.023,366.81
4,3,27,2,101,101,0,0,0,236.04,188.5,33.667,202,33.667,202,17.023,366.81
4,3,28,2,101,101,0,0,0,236.04,188.5,33.667,202,33.667,202,17.023,366.81
4,3,29,2,101,101,0,0,0,236.04,188.5,33.667,202,33.667,202,17.023,366.81
4,3,30,2,101,101,0,0,0,236.04,188.5,33.667,202,33.667,202,17.023,366.81
5,1,1,2,101,101,0,0,-285.57,222.99,153.01,33.667,202,33.667,202,23.952,614.03
5,1,2,2,0,0,0.33396,0.33396,32.815,222.99,153.01,33.667,202,33.667,202,23.952,614.03
5,1,3,2,0,0,0.33396,0.33396,54.815,222.99,153.01,33.667,202,33.667,202,23.952,614.03
5,1,4,2,0,0,0.33396,0.33396,54.815,222.99,153.01,33.667,202,33.667,202,23.952,614.03
5,1,5,2,0,0,0.33396,0.33396,54.815,222.99,153.01,33.667,202,33.667,202,23.952,614.03
5,1,6,2,0,0,0.33396,0.33396,54.815,222.99,153.01,33.667,202,33.667,202,23.952,614.03
5,1,7,2,0,0,0.45688,0.45688,58.229,222.99,153.01,33.667,202,33.667,202,23.952,614.03
5,1,8,2,0,0,0.45688,0.45688,59.229,222.99,153.01,33.667,202,33.667,202,23.952,614.03
5,1,9,2,0,0,0.45688,0.45688,59.229,222.99,153.01,33.667,202,33.667,202,23.952,614.03
5,1,10,2,0,0,0.45688,0.45688,59.229,222.99,153.01,33.667,202,33.667,202,23.952,614.03
5,1,11,2,0,0,0.45688,0.45688,59.229,222.99,153.01,33.667,202,33.667,202,23.952,614.03
5,1,12,2,0,0,0.45688,0.45688,59.229,222.99,153.01,33.667,202,33.667,202,23.952,614.03
5,1,13,2,0,0,0.45688,0.45688,59.229,222.99,153.01,33.667,202,33.667,202,23.952,614.03
5,1,14,2,0,0,0.45688,0.45688,59.229,222.99,153.01,33.667,202,33.667,202,23.952,614.03
5,1,15,2,0,0,0.45688,0.45688,59.229,222.99,153.01,33.667,202,33.667,202,23.952,614.03
5,1,16,2,0,0,0.45688,0.45688,59.229,222.99,153.01,33.667,202,33.667,202,23.952,614.03
5,1,17,2,0,0,0.34943,0.34943,-51.846,222.99,153.01,33.667,202,33.667,202,23.952,614.03
5,1,18,2,0,0,0.34943,0.34943,53.154,222.99,153.01,33.667,202,33.667,202,23.952,614.03
5,1,19,2,0,0,0.34943,0.34943,53.154,222.99,153.01,33.667,202,33.667,202,23.952,614.03
5,1,20,2,0,0,0.34943,0.34943,53.154,222.99,153.01,33.667,202,33.667,202,23.952,614.03
5,1,21,2,0,0,0.34943,0.34943,53.154,222.99,153.01,33.667,202,33.667,202,23.952,614.03
5,1,22,2,101,101,0,0,0,222.99,153.01,33.667,202,33.667,202,23.952,614.03
5,1,23,2,101,101,0,0,0,222.99,153.01,33.667,202,33.667,202,23.952,614.03
5,1,24,2,101,101,0,0,0,222.99,153.01,33.667,202,33.667,202,23.952,614.03
5,1,25,2,101,101,0,0,0,222.99,153.01,33.667,202,33.667,202,23.952,614.03
5,1,26,2,101,101,0,0,0,222.99,153.01,33.667,202,33.667,202,23.952,614.03
5,1,27,2,101,101,0,0,0,222.99,153.01,33.667,202,33.667,202,23.952,614.03
5,1,28,2,101,101,0,0,0,222.99,153.01,33.667,202,33.667,202,23.952,614.03
5,1,29,2,101,101,0,0,0,222.99,153.01,33.667,202,33.667,202,23.952,614.03
5,1,30,2,101,101,0,0,0,222.99,153.01,33.667,202,33.667,202,23.952,614.03
5,2,1,2,101,101,0,0,-285.57,222.99,-47.469,33.667,404,33.667,404,3.4364,579.4
5,2,2,2,0,0,0.5,0.5,56.229,222.99,-47.469,33.667,404,33.667,404,3.4364,579.4
5,2,3,2,0,0,0.5,0.5,59.229,222.99,-47.469,33.667,404,33.667,404,3.4364,579.4
5,2,4,2,0,0,0.5,0.5,59.229,222.99,-47.469,33.667,404,33.667,404,3.4364,579.4
5,2,5,2,0,0,0.5,0.5,59.229,222.99,-47.469,33.667,404,33.667,404,3.4364,579.4
5,2,6,2,0,0,0.5,0.5,59.229,222.99,-47.469,33.667,404,33.667,404,3.4364,579.4
5,2,7,2,0,0,0.34417,0.34417,-57.987,222.99,-47.469,33.667,404,33.667,404,3.4364,579.4
5,2,8,2,0,0,0.34417,0.34417,19.013,222.99,-47.469,33.667,404,33.667,404,3.4364,579.4
5,2,9,2,0,0,0.34417,0.34417,19.013,222.99,-47.469,33.667,404,33.667,404,3.4364,579.4
5,2,10,2,0,0,0.34417,0.34417,19.013,222.99,-47.469,33.667,404,33.667,404,3.4364,579.4
5,2,11,2,0,0,0.34417,0.34417,19.013,222.99,-47.469,33.667,404,33.667,404,3.4364,579.4
5,2,12,2,101,101,0,0,0,222.99,-47.469,33.667,404,33.667,404,3.4364,579.4
5,2,13,2,0,0,0.42129,0.42129,0.40801,222.99,-47.469,33.667,404,33.667,404,3.4364,579.4
5,2,14,2,0,0,0.42129,0.42129,6.408,222.99,-47.469,33.667,404,33.667,404,3.4364,579.4
5,2,15,2,0,0,0.42129,0.42129,6.408,222.99,-47.469,33.667,404,33.667,404,3.4364,579.4
5,2,16,2,0,0,0.42129,0.42129,6.408,222.99,-47.469,33.667,404,33.667,404,3.4364,579.4
5,2,17,2,0,0,0.42129,0.42129,6.408,222.99,-47.469,33.667,404,33.667,404,3.4364,579.4
5,2,18,2,0,0,0.45688,0.45688,8.6835,222.99,-47.469,33.667,404,33.667,404,3.4364,579.4
5,2,19,2,0,0,0.45688,0.45688,10.684,222.99,-47.469,33.667,404,33.667,404,3.4364,579.4
5,2,20,2,0,0,0.45688,0.45688,10.684,222.99,-47.469,33.667,404,33.667,404,3.4364,579.4
5,2,21,2,0,0,0.45688,0.45688,10.684,222.99,-47.469,33.667,404,33.667,404,3.4364,579.4
5,2,22,2,0,0,0.45688,0.45688,10.684,222.99,-47.469,33.667,404,33.667,404,3.4364,579.4
5,2,23,2,101,101,0,0,0,222.99,-47.469,33.667,404,33.667,404,3.4364,579.4
5,2,24,2,101,101,0,0,0,222.99,-47.469,33.667,404,33.667,404,3.4364,579.4
5,2,25,2,101,101,0,0,0,222.99,-47.469,33.667,404,33.667,404,3.4364,579.4
5,2,26,2,101,101,0,0,0,222.99,-47.469,33.667,404,33.667,404,3.4364,579.4
5,2,27,2,101,101,0,0,0,222.99,-47.469,33.667,404,33.667,404,3.4364,579.4
5,2,28,2,101,101,0,0,0,222.99,-47.469,33.667,404,33.667,404,3.4364,579.4
5,2,29,2,101,101,0,0,0,222.99,-47.469,33.667,404,33.667,404,3.4364,579.4
5,2,30,2,101,101,0,0,0,222.99,-47.469,33.667,404,33.667,404,3.4364,579.4
5,3,1,2,101,101,0,0,-285.57,222.99,98.866,33.667,202,33.667,202,13.983,458.03
5,3,2,2,0,0,0.44873,0.44873,46.229,222.99,98.866,33.667,202,33.667,202,13.983,458.03
5,3,3,2,0,0,0.44873,0.44873,59.229,222.99,98.866,33.667,202,33.667,202,13.983,458.03
5,3,4,2,0,0,0.44873,0.44873,59.229,222.99,98.866,33.667,202,33.667,202,13.983,458.03
5,3,5,2,0,0,0.44873,0.44873,59.229,222.99,98.866,33.667,202,33.667,202,13.983,458.03
5,3,6,2,0,0,0.44873,0.44873,59.229,222.99,98.866,33.667,202,33.667,202,13.983,458.03
5,3,7,2,0,0,0.44873,0.44873,46.229,222.99,98.866,33.667,202,33.667,202,13.983,458.03
5,3,8,2,0,0,0.44873,0.44873,59.229,222.99,98.866,33.667,202,33.667,202,13.983,458.03
5,3,9,2,0,0,0.44873,0.44873,59.229,222.99,98.866,33.667,202,33.667,202,13.983,458.03
5,3,10,2,0,0,0.44873,0.44873,59.229,222.99,98.866,33.667,202,33.667,202,13.983,458.03
5,3,11,2,0,0,0.44873,0.44873,59.229,222.99,98.866,33.667,202,33.667,202,13.983,458.03
5,3,12,2,0,0,0.45123,0.45123,17.156,222.99,98.866,33.667,202,33.667,202,13.983,458.03
5,3,13,2,0,0,0.45123,0.45123,30.156,222.99,98.866,33.667,202,33.667,202,13.983,458.03
5,3,14,2,0,0,0.45123,0.45123,30.156,222.99,98.866,33.667,202,33.667,202,13.983,458.03
5,3,15,2,0,0,0.45123,0.45123,30.156,222.99,98.866,33.667,202,33.667,202,13.983,458.03
5,3,16,2,0,0,0.45123,0.45123,30.156,222.99,98.866,33.667,202,33.667,202,13.983,458.03
5,3,17,2,0,0,0.5,0.5,-0.60034,222.99,98.866,33.667,202,33.667,202,13.983,458.03
5,3,18,2,0,0,0.5,0.5,0.39966,222.99,98.866,33.667,202,33.667,202,13.983,458.03
5,3,19,2,0,0,0.5,0.5,0.39966,222.99,98.866,33.667,202,33.667,202,13.983,458.03
5,3,20,2,0,0,0.5,0.5,0.39966,222.99,98.866,33.667,202,33.667,202,13.983,458.03
5,3,21,2,0,0,0.5,0.5,0.39966,222.99,98.866,33.667,202,33.667,202,13.983,458.03
5,3,22,2,101,101,0,0,0,222.99,98.866,33.667,202,33.667,202,13.983,458.03
5,3,23,2,101,101,0,0,0,222.99,98.866,33.667,202,33.667,202,13.983,458.03
5,3,24,2,101,101,0,0,0,222.99,98.866,33.667,202,33.667,202,13.983,458.03
5,3,25,2,101,101,0,0,0,222.99,98.866,33.667,202,33.667,202,13.983,458.03
5,3,26,2,101,101,0,0,0,222.99,98.866,33.667,202,33.667,202,13.983,458.03
5,3,27,2,101,101,0,0,0,222.99,98.866,33.667,202,33.667,202,13.983,458.03
5,3,28,2,101,101,0,0,0,222.99,98.866,33.667,202,33.667,202,13.983,458.03
5,3,29,2,101,101,0,0,0,222.99,98.866,33.667,202,33.667,202,13.983,458.03
5,3,30,2,101,101,0,0,0,222.99,98.866,33.667,202,33.667,202,13.983,458.03
6,1,1,2,101,101,0,0,-250.27,247.06,201.95,33.667,202,33.667,202,25.628,578.73
6,1,2,2,0,0,0.33396,0.33396,47.815,247.06,201.95,33.667,202,33.667,202,25.628,578.73
6,1,3,2,0,0,0.33396,0.33396,54.815,247.06,201.95,33.667,202,33.667,202,25.628,578.73
6,1,4,2,0,0,0.33396,0.33396,54.815,247.06,201.95,33.667,202,33.667,202,25.628,578.73
6,1,5,2,0,0,0.33396,0.33396,54.815,247.06,201.95,33.667,202,33.667,202,25.628,578.73
6,1,6,2,0,0,0.33396,0.33396,54.815,247.06,201.95,33.667,202,33.667,202,25.628,578.73
6,1,7,2,0,0,0.45688,0.45688,58.229,247.06,201.95,33.667,202,33.667,202,25.628,578.73
6,1,8,2,0,0,0.45688,0.45688,59.229,247.06,201.95,33.667,202,33.667,202,25.628,578.73
6,1,9,2,0,0,0.45688,0.45688,59.229,247.06,201.95,33.667,202,33.667,202,25.628,578.73
6,1,10,2,0,0,0.45688,0.45688,59.229,247.06,201.95,33.667,202,33.667,202,25.628,578.73
6,1,11,2,0,0,0.45688,0.45688,59.229,247.06,201.95,33.667,202,33.667,202,25.628,578.73
6,1,12,2,0,0,0.45688,0.45688,59.229,247.06,201.95,33.667,202,33.667,202,25.628,578.73
6,1,13,2,0,0,0.45688,0.45688,59.229,247.06,201.95,33.667,202,33.667,202,25.628,578.73
6,1,14,2,0,0,0.45688,0.45688,59.229,247.06,201.95,33.667,202,33.667,202,25.628,578.73
6,1,15,2,0,0,0.45688,0.45688,59.229,247.06,201.95,33.667,202,33.667,202,25.628,578.73
6,1,16,2,0,0,0.45688,0.45688,59.229,247.06,201.95,33.667,202,33.667,202,25.628,578.73
6,1,17,2,0,0,0.34943,0.34943,-51.846,247.06,201.95,33.667,202,33.667,202,25.628,578.73
6,1,18,2,0,0,0.34943,0.34943,53.154,247.06,201.95,33.667,202,33.667,202,25.628,578.73
6,1,19,2,0,0,0.34943,0.34943,53.154,247.06,201.95,33.667,202,33.667,202,25.628,578.73
6,1,20,2,0,0,0.34943,0.34943,53.154,247.06,201.95,33.667,202,33.667,202,25.628,578.73
6,1,21,2,0,0,0.34943,0.34943,53.154,247.06,201.95,33.667,202,33.667,202,25.628,578.73
6,1,22,2,101,101,0,0,0,247.06,201.95,33.667,202,33.667,202,25.628,578.73
6,1,23,2,101,101,0,0,0,247.06,201.95,33.667,202,33.667,202,25.628,578.73
6,1,24,2,101,101,0,0,0,247.06,201.95,33.667,202,33.667,202,25.628,578.73
6,1,25,2,101,101,0,0,0,247.06,201.95,33.667,202,33.667,202,25.628,578.73
6,1,26,2,101,101,0,0,0,247.06,201.95,33.667,202,33.667,202,25.628,578.73
6,1,27,2,101,101,0,0,0,247.06,201.95,33.667,202,33.667,202,25.628,578.73
6,1,28,2,101,101,0,0,0,247.06,201.95,33.667,202,33.667,202,25.628,578.73
6,1,29,2,101,101,0,0,0,247.06,201.95,33.667,202,33.667,202,25.628,578.73
6,1,30,2,101,101,0,0,0,247.06,201.95,33.667,202,33.667,202,25.628,578.73
6,2,1,2,101,101,0,0,-250.27,247.06,-7.6259,33.667,404,33.667,404,4.7797,548.1
6,2,2,2,0,0,0.5,0.5,61.229,247.06,-7.6259,33.667,404,33.667,404,4.7797,548.1
6,2,3,2,0,0,0.5,0.5,59.229,247.06,-7.6259,33.667,404,33.667,404,4.7797,548.1
6,2,4,2,0,0,0.5,0.5,59.229,247.06,-7.6259,33.667,404,33.667,404,4.7797,548.1
6,2,5,2,0,0,0.5,0.5,59.229,247.06,-7.6259,33.667,404,33.667,404,4.7797,548.1
6,2,6,2,0,0,0.5,0.5,59.229,247.06,-7.6259,33.667,404,33.667,404,4.7797,548.1
6,2,7,2,0,0,0.34417,0.34417,-57.987,247.06,-7.6259,33.667,404,33.667,404,4.7797,548.1
6,2,8,2,0,0,0.34417,0.34417,19.013,247.06,-7.6259,33.667,404,33.667,404,4.7797,548.1
6,2,9,2,0,0,0.34417,0.34417,19.013,247.06,-7.6259,33.667,404,33.667,404,4.7797,548.1
6,2,10,2,0,0,0.34417,0.34417,19.013,247.06,-7.6259,33.667,404,33.667,404,4.7797,548.1
6,2,11,2,0,0,0.34417,0.34417,19.013,247.06,-7.6259,33.667,404,33.667,404,4.7797,548.1
6,2,12,2,101,101,0,0,0,247.06,-7.6259,33.667,404,33.667,404,4.7797,548.1
6,2,13,2,0,0,0.42129,0.42129,0.40801,247.06,-7.6259,33.667,404,33.667,404,4.7797,548.1
6,2,14,2,0,0,0.42129,0.42129,6.408,247.06,-7.6259,33.667,404,33.667,404,4.7797,548.1
6,2,15,2,0,0,0.42129,0.42129,6.408,247.06,-7.6259,33.667,404,33.667,404,4.7797,548.1
6,2,16,2,0,0,0.42129,0.42129,6.408,247.06,-7.6259,33.667,404,33.667,404,4.7797,548.1
6,2,17,2,0,0,0.42129,0.42129,6.408,247.06,-7.6259,33.667,404,33.667,404,4.7797,548.1
6,2,18,2,0,0,0.45688,0.45688,8.6835,247.06,-7.6259,33.667,404,33.667,404,4.7797,548.1
6,2,19,2,0,0,0.45688,0.45688,10.684,247.06,-7.6259,33.667,404,33.667,404,4.7797,548.1
6,2,20,2,0,0,0.45688,0.45688,10.684,247.06,-7.6259,33.667,404,33.667,404,4.7797,548.1
6,2,21,2,0,0,0.45688,0.45688,10.684,247.06,-7.6259,33.667,404,33.667,404,4.7797,548.1
6,2,22,2,0,0,0.45688,0.45688,10.684,247.06,-7.6259,33.667,404,33.667,404,4.7797,548.1
6,2,23,2,101,101,0,0,0,247.06,-7.6259,33.667,404,33.667,404,4.7797,548.1
6,2,24,2,101,101,0,0,0,247.06,-7.6259,33.667,404,33.667,404,4.7797,548.1
6,2,25,2,101,101,0,0,0,247.06,-7.6259,33.667,404,33.667,404,4.7797,548.1
6,2,26,2,101,101,0,0,0,247.06,-7.6259,33.667,404,33.667,404,4.7797,548.1
6,2,27,2,101,101,0,0,0,247.06,-7.6259,33.667,404,33.667,404,4.7797,548.1
6,2,28,2,101,101,0,0,0,247.06,-7.6259,33.667,404,33.667,404,4.7797,548.1
6,2,29,2,101,101,0,0,0,247.06,-7.6259,33.667,404,33.667,404,4.7797,548.1
6,2,30,2,101,101,0,0,0,247.06,-7.6259,33.667,404,33.667,404,4.7797,548.1
6,3,1,2,101,101,0,0,-250.27,247.06,154.79,33.667,202,33.667,202,16.093,400.73
6,3,2,2,0,0,0.44873,0.44873,60.229,247.06,154.79,33.667,202,33.667,202,16.093,400.73
6,3,3,2,0,0,0.44873,0.44873,59.229,247.06,154.79,33.667,202,33.667,202,16.093,400.73
6,3,4,2,0,0,0.44873,0.44873,59.229,247.06,154.79,33.667,202,33.667,202,16.093,400.73
6,3,5,2,0,0,0.44873,0.44873,59.229,247.06,154.79,33.667,202,33.667,202,16.093,400.73
6,3,6,2,0,0,0.44873,0.44873,59.229,247.06,154.79,33.667,202,33.667,202,16.093,400.73
6,3,7,2,0,0,0.44873,0.44873,60.229,247.06,154.79,33.667,202,33.667,202,16.093,400.73
6,3,8,2,0,0,0.44873,0.44873,59.229,247.06,154.79,33.667,202,33.667,202,16.093,400.73
6,3,9,2,0,0,0.44873,0.44873,59.229,247.06,154.79,33.667,202,33.667,202,16.093,400.73
6,3,10,2,0,0,0.44873,0.44873,59.229,247.06,154.79,33.667,202,33.667,202,16.093,400.73
6,3,11,2,0,0,0.44873,0.44873,59.229,247.06,154.79,33.667,202,33.667,202,16.093,400.73
6,3,12,2,0,0,0.45123,0.45123,17.156,247.06,154.79,33.667,202,33.667,202,16.093,400.73
6,3,13,2,0,0,0.45123,0.45123,30.156,247.06,154.79,33.667,202,33.667,202,16.093,400.73
6,3,14,2,0,0,0.45123,0.45123,30.156,247.06,154.79,33.667,202,33.667,202,16.093,400.73
6,3,15,2,0,0,0.45123,0.45123,30.156,247.06,154.79,33.667,202,33.667,202,16.093,400.73
6,3,16,2,0,0,0.45123,0.45123,30.156,247.06,154.79,33.667,202,33.667,202,16.093,400.73
6,3,17,2,0,0,0.5,0.5,-0.60034,247.06,154.79,33.667,202,33.667,202,16.093,400.73
6,3,18,2,0,0,0.5,0.5,0.39966,247.06,154.79,33.667,202,33.667,202,16.093,400.73
6,3,19,2,0,0,0.5,0.5,0.39966,247.06,154.79,33.667,202,33.667,202,16.093,400.73
6,3,20,2,0,0,0.5,0.5,0.39966,247.06,154.79,33.667,202,33.667,202,16.093,400.73
6,3,21,2,0,0,0.5,0.5,0.39966,247.06,154.79,33.667,202,33.667,202,16.093,400.73
6,3,22,2,101,101,0,0,0,247.06,154.79,33.667,202,33.667,202,16.093,400.73
6,3,23,2,101,101,0,0,0,247.06,154.79,33.667,202,33.667,202,16.093,400.73
6,3,24,2,101,101,0,0,0,247.06,154.79,33.667,202,33.667,202,16.093,400.73
6,3,25,2,101,101,0,0,0,247.06,154.79,33.667,202,33.667,202,16.093,400.73
6,3,26,2,101,101,0,0,0,247.06,154.79,33.667,202,33.667,202,16.093,400.73
6,3,27,2,101,101,0,0,0,247.06,154.79,33.667,202,33.667,202,16.093,400.73
6,3,28,2,101,101,0,0,0,247.06,154.79,33.667,202,33.667,202,16.093,400.73
6,3,29,2,101,101,0,0,0,247.06,154.79,33.667,202,33.667,202,16.093,400.73
6,3,30,2,101,101,0,0,0,247.06,154.79,33.667,202,33.667,202,16.093,400.73
