design_id,weight,pax,cargo,lio_depth,lio_type,pwr_source,prop_type,mod,combine_score,msn1_score,msn2_score,msn3_score,cost,range,max_speed,endurance_speed,fpn,fpn1,fpn2,fpn3
1159,28000,6,50,120,1,2,1,300,0.965,0.810,0.809,0.728,21.29,78,13,4,2.29,5.87,7.73,5
1161,28000,6,50,120,1,2,1,150,0.916,0.700,0.686,0.400,20.37,89,13,4,4.14,9.19,9.19,14.14
1162,28000,6,50,120,1,2,2,300,1.000,0.847,0.831,0.734,20.74,92,14,4,0.16,1.71,4.1,2.87
1164,28000,6,50,120,1,2,2,150,0.923,0.709,0.691,0.402,19.87,106,14,4,3.31,7.25,8.19,12.21
1197,28000,6,50,120,4,2,1,150,0.927,0.729,0.741,0.464,19.8,83,13,4,2.69,6.98,6.98,9.63
1200,28000,6,50,120,4,2,2,150,0.946,0.751,0.754,0.468,19.29,98,14,4,0.21,5.01,5.01,9.26
1227,28000,6,50,20,1,1,1,150,0.528,0.383,0.470,0.137,15.41,48,10,4,1.09,1.09,3.18,3.18
1230,28000,6,50,20,1,1,2,150,0.548,0.406,0.486,0.141,15.13,50,11,4,0,0,2.05,2.09
1231,28000,6,50,20,1,2,1,300,0.829,0.777,0.766,0.510,20.32,85,13,4,6.28,8.99,8.99,8.25
1233,28000,6,50,20,1,2,1,150,0.765,0.651,0.633,0.179,20.57,96,14,4,7.25,9.96,12.96,14.92
1234,28000,6,50,20,1,2,2,300,0.837,0.786,0.771,0.511,19.81,100,14,4,4.31,7.02,7.02,6.28
1236,28000,6,50,20,1,2,2,150,0.774,0.664,0.643,0.183,20.08,114,15,4,5.35,8.06,11.37,13.02
1245,28000,6,50,20,2,2,1,150,0.795,0.727,0.781,0.351,19.94,79,13,4,4.81,7.52,7.52,12.48
1248,28000,6,50,20,2,2,2,150,0.826,0.763,0.803,0.357,19.43,93,14,4,2.83,5.55,5.55,10.5
1267,28000,6,50,20,4,2,1,300,0.836,0.800,0.819,0.573,19.74,79,13,4,4.03,6.74,6.14,6.01
1269,28000,6,50,20,4,2,1,150,0.784,0.689,0.694,0.244,20.01,90,13,4,5.08,7.79,7.79,12.75
1270,28000,6,50,20,4,2,2,300,0.867,0.834,0.840,0.579,19.23,93,14,4,2.05,2.84,2.73,4.04
1272,28000,6,50,20,4,2,2,150,0.790,0.697,0.700,0.248,19.51,107,14,4,3.15,5.85,6.82,10.82
1449,28000,4,150,20,1,2,1,150,0.262,0.196,0.446,0.171,15.65,42,11,4,2.02,2.85,4.11,4.11
1452,28000,4,150,20,1,2,2,150,0.319,0.260,0.484,0.181,15.16,48,11,4,0.12,0.12,2.21,2.21
1488,28000,4,150,20,4,2,2,150,0.269,0.219,0.499,0.234,14.59,40,11,4,0,0,0,0
1519,28000,4,100,300,1,2,1,300,0.788,0.689,0.784,0.778,23.44,88,13,4,17.21,20.96,11.78,5.43
1522,28000,4,100,300,1,2,2,300,0.795,0.697,0.790,0.780,22.86,104,14,4,14.96,18.84,10.69,3.63
1555,28000,4,100,300,4,2,1,300,0.799,0.717,0.840,0.842,22.78,82,13,4,14.65,17.41,9.23,2.87
1585,28000,4,100,120,1,1,1,300,0.611,0.521,0.674,0.698,18.74,59,10,4,6.74,6.74,6.37,2.14
1587,28000,4,100,120,1,1,1,150,0.630,0.489,0.599,0.381,17.54,76,10,4,2.09,3.18,4.78,3.18
1588,28000,4,100,120,1,1,2,300,0.641,0.553,0.697,0.703,18.4,63,11,4,5.43,5.43,3.11,0.81
1590,28000,4,100,120,1,1,2,150,0.657,0.517,0.619,0.387,17.22,82,11,4,0.86,1.94,1.94,1.94
1591,28000,4,100,120,1,2,1,300,0.754,0.681,0.774,0.723,23.86,103,14,4,18.83,21.85,13.41,10
1593,28000,4,100,120,1,2,1,150,0.686,0.553,0.641,0.394,22.72,114,14,4,15.58,20.07,18.29,18.13
1594,28000,4,100,120,1,2,2,300,0.776,0.710,0.794,0.731,23.31,123,15,5,16.71,18.3,11.28,9.13
1596,28000,4,100,120,1,2,2,150,0.709,0.584,0.663,0.402,22.22,137,15,5,13.64,16.35,16.35,16.63
1599,28000,4,100,120,2,1,1,150,0.518,0.404,0.650,0.528,19.31,50,10,4,8.96,12.97,10,4.34
1602,28000,4,100,120,2,1,2,150,0.540,0.429,0.669,0.532,18.96,52,11,4,7.6,9.95,7.28,2.98
1603,28000,4,100,120,2,2,1,300,0.809,0.784,0.939,0.899,25.1,86,13,4,18.18,16.17,8.14,5.75
1605,28000,4,100,120,2,2,1,150,0.741,0.656,0.804,0.568,24.2,97,14,4,20.15,24.03,14.73,21.13
1606,28000,4,100,120,2,2,2,300,0.815,0.793,0.944,0.901,24.48,102,14,4,17.36,15.1,5.74,5.5
1608,28000,4,100,120,2,2,2,150,0.752,0.671,0.816,0.572,23.63,115,15,4,17.94,21.81,12.52,20.63
1611,28000,4,100,120,3,1,1,150,0.436,0.319,0.619,0.544,19.08,40,10,4,14.67,13.76,9.15,3.45
1614,28000,4,100,120,3,1,2,150,0.445,0.329,0.627,0.547,18.73,41,11,4,13.43,12.4,7.79,2.1
1617,28000,4,100,120,3,2,1,150,0.749,0.673,0.834,0.600,23.5,91,13,4,17.78,21.32,12.02,17.51
1620,28000,4,100,120,3,2,2,150,0.755,0.681,0.840,0.603,22.94,108,14,4,16.43,19.15,9.84,17.13
1621,28000,4,100,120,4,1,1,300,0.562,0.481,0.690,0.751,18.53,50,10,4,5.93,7.01,3.87,0.51
1623,28000,4,100,120,4,1,1,150,0.610,0.481,0.633,0.440,17.34,67,10,4,1.32,3.38,2.4,2.4
1624,28000,4,100,120,4,1,2,300,0.586,0.507,0.709,0.756,18.19,53,11,4,4.61,5.51,2.29,0
1626,28000,4,100,120,4,1,2,150,0.641,0.514,0.656,0.446,17.03,72,11,4,0.12,1.21,1.21,1.21
1627,28000,4,100,120,4,2,1,300,0.780,0.727,0.840,0.790,23.23,97,14,4,16.39,16.17,10.97,4.61
1629,28000,4,100,120,4,2,1,150,0.705,0.589,0.701,0.459,22.15,109,14,4,13.37,16.08,16.08,15.35
1630,28000,4,100,120,4,2,2,300,0.791,0.743,0.851,0.796,22.68,116,15,4,14.27,14.21,8.84,2.48
1632,28000,4,100,120,4,2,2,150,0.727,0.619,0.721,0.467,21.64,130,15,5,11.4,14.1,14.1,13.37
1635,28000,4,100,120,5,1,1,150,0.438,0.319,0.613,0.534,19.09,41,10,4,14.46,13.8,9.19,3.49
1638,28000,4,100,120,5,1,2,150,0.449,0.330,0.621,0.537,18.74,42,11,4,13.02,12.44,7.83,2.14
1641,28000,4,100,120,5,2,1,150,0.746,0.666,0.824,0.590,23.55,91,13,4,18.19,21.51,12.21,18.63
1644,28000,4,100,120,5,2,2,150,0.752,0.674,0.830,0.592,22.98,108,14,4,16.59,19.3,10,18.38
1653,28000,4,100,120,6,2,1,150,0.742,0.667,0.837,0.610,22.85,85,13,4,16.08,18.8,9.49,16.38
1656,28000,4,100,120,6,2,2,150,0.750,0.677,0.843,0.611,22.28,101,14,4,13.87,16.59,7.29,15.85
1657,28000,4,100,20,1,1,1,300,0.520,0.539,0.663,0.487,17.22,69,10,4,3.72,1.6,1.94,1.94
1659,28000,4,100,20,1,1,1,150,0.506,0.469,0.563,0.164,16,86,10,4,3.37,1.82,1.82,5.46
1660,28000,4,100,20,1,1,2,300,0.550,0.571,0.686,0.492,16.91,75,11,4,0,0,0.74,0.74
1662,28000,4,100,20,1,1,2,150,0.520,0.483,0.576,0.168,15.71,94,11,4,2.25,0.7,0.7,4.34
1663,28000,4,100,20,1,2,1,300,0.603,0.633,0.724,0.503,22.69,110,14,4,22.05,18.17,18.17,17.44
1664,28000,4,100,20,1,2,1,800,0.572,0.586,0.683,0.432,21.84,86,13,4,18.76,15.99,14.88,14.15
1665,28000,4,100,20,1,2,1,150,0.534,0.504,0.590,0.174,22.87,121,15,5,22.75,22.75,20.42,23.83
1666,28000,4,100,20,1,2,2,300,0.626,0.664,0.744,0.511,22.18,131,15,5,20.07,16.2,16.2,15.47
1667,28000,4,100,20,1,2,2,800,0.580,0.594,0.689,0.434,21.31,102,14,4,16.71,14.93,12.83,13.01
1668,28000,4,100,20,1,2,2,150,0.559,0.537,0.613,0.182,22.37,145,16,5,20.81,20.81,18.49,21.89
1669,28000,4,100,20,2,1,1,300,0.374,0.417,0.693,0.628,18.99,43,10,4,14.96,11.37,5.39,3.1
1671,28000,4,100,20,2,1,1,150,0.444,0.443,0.651,0.321,17.78,60,10,4,10.27,8.17,4.11,4.11
1672,28000,4,100,20,2,1,2,300,0.389,0.431,0.704,0.631,18.65,44,11,4,13.64,9.59,4.07,1.79
1674,28000,4,100,20,2,1,2,150,0.476,0.476,0.674,0.327,17.46,64,11,4,9.03,4.09,2.87,2.87
1675,28000,4,100,20,2,2,1,300,0.660,0.739,0.889,0.679,23.36,93,13,4,18.06,14.74,5.12,11.13
1677,28000,4,100,20,2,2,1,150,0.581,0.596,0.747,0.346,22.31,104,14,4,20.58,16.7,16.7,21.66
1678,28000,4,100,20,2,2,2,300,0.667,0.749,0.896,0.682,22.81,110,14,4,16.12,13.5,2.98,10.75
1680,28000,4,100,20,2,2,2,150,0.602,0.626,0.766,0.353,21.8,124,15,5,18.6,14.72,14.55,19.68
1683,28000,4,100,20,3,1,1,150,0.381,0.379,0.631,0.341,17.57,51,10,4,9.45,7.9,3.3,3.3
1686,28000,4,100,20,3,1,2,150,0.404,0.404,0.650,0.346,17.25,53,11,4,8.22,6.67,2.06,2.06
1687,28000,4,100,20,3,2,1,300,0.664,0.750,0.914,0.710,22.68,86,13,4,16.53,13.33,2.48,7.68
1689,28000,4,100,20,3,2,1,150,0.596,0.620,0.780,0.379,21.68,98,14,4,18.13,14.26,12.27,19.22
1690,28000,4,100,20,3,2,2,300,0.670,0.759,0.920,0.712,22.12,102,14,4,15.71,12.26,0.31,7.38
1692,28000,4,100,20,3,2,2,150,0.607,0.636,0.791,0.384,21.17,116,15,4,16.16,12.29,10.46,17.25
1693,28000,4,100,20,4,1,1,300,0.488,0.519,0.690,0.543,17.03,60,10,4,7.37,1.21,1.21,0.76
1695,28000,4,100,20,4,1,1,150,0.502,0.481,0.610,0.227,15.82,77,10,4,2.68,1.13,1.13,0.88
1696,28000,4,100,20,4,1,2,300,0.518,0.551,0.713,0.550,16.72,65,11,4,3.93,0,0,0
1698,28000,4,100,20,4,1,2,150,0.528,0.509,0.629,0.231,15.53,84,11,4,1.55,0,0,0.38
1699,28000,4,100,20,4,2,1,300,0.621,0.669,0.783,0.568,22.1,104,14,4,19.76,15.89,11.82,15.15
1701,28000,4,100,20,4,2,1,150,0.553,0.540,0.650,0.239,22.3,115,14,4,20.54,20.54,16.67,21.62
1702,28000,4,100,20,4,2,2,300,0.641,0.697,0.801,0.576,21.59,124,15,5,17.79,13.91,8.87,13.18
1704,28000,4,100,20,4,2,2,150,0.577,0.571,0.671,0.247,21.81,138,16,5,18.64,17.76,14.77,19.72
1707,28000,4,100,20,5,1,1,150,0.382,0.377,0.624,0.331,17.59,51,10,4,9.53,7.99,3.37,3.37
1710,28000,4,100,20,5,1,2,150,0.406,0.403,0.643,0.336,17.27,54,11,4,8.29,6.74,2.13,2.13
1711,28000,4,100,20,5,2,1,300,0.660,0.744,0.904,0.699,22.72,87,13,4,16.95,14.04,2.64,8.88
1713,28000,4,100,20,5,2,1,150,0.591,0.613,0.769,0.368,21.72,98,14,4,18.29,14.42,14.1,19.38
1714,28000,4,100,20,5,2,2,300,0.667,0.753,0.910,0.701,22.17,103,14,4,16.12,12.97,0.51,8.41
1716,28000,4,100,20,5,2,2,150,0.603,0.630,0.781,0.373,21.21,117,15,4,16.31,12.44,12.05,17.4
1719,28000,4,100,20,6,1,1,150,0.299,0.287,0.583,0.337,17.38,42,10,4,8.72,8.72,7.17,2.56
1722,28000,4,100,20,6,1,2,150,0.310,0.300,0.594,0.339,17.06,43,11,4,7.49,7.49,5.46,1.32
1725,28000,4,100,20,6,2,1,150,0.597,0.624,0.789,0.390,21.1,92,13,4,15.89,12.01,10.91,16.97
1728,28000,4,100,20,6,2,2,150,0.602,0.633,0.794,0.392,20.59,109,14,4,13.91,10.13,10,15
1729,28000,4,50,300,1,1,1,300,0.803,0.716,0.760,0.740,21.46,160,10,5,10.7,13.41,13.41,4.26
1730,28000,4,50,300,1,1,1,800,0.757,0.647,0.704,0.663,22.68,125,10,5,15.43,18.14,18.14,10.38
1732,28000,4,50,300,1,1,2,300,0.825,0.744,0.781,0.749,20.92,183,11,6,7.86,11.32,11.32,3.25
1733,28000,4,50,300,1,1,2,800,0.776,0.670,0.723,0.670,22.31,141,11,5,13.99,16.7,16.7,9.63
1735,28000,4,50,300,1,2,1,300,0.799,0.710,0.759,0.740,30.27,155,16,5,29.75,25.41,31.89,23.63
1736,28000,4,50,300,1,2,1,800,0.768,0.659,0.716,0.667,30.6,134,15,5,33.88,31.8,33.17,30.34
1738,28000,4,50,300,1,2,2,300,0.833,0.756,0.789,0.751,30.34,193,17,6,25.41,24.57,28.44,22.38
1739,28000,4,50,300,1,2,2,800,0.799,0.701,0.744,0.678,30.67,168,17,6,29.75,26.47,33.44,30.38
1741,28000,4,50,300,2,1,1,300,0.845,0.801,0.911,0.911,23.4,135,10,5,13.44,12.01,5.27,2.44
1744,28000,4,50,300,2,1,2,300,0.864,0.826,0.931,0.918,23.02,152,11,5,10.95,10.54,3.8,0.98
1747,28000,4,50,300,2,2,1,300,0.856,0.816,0.924,0.916,33.16,146,15,5,22.31,22.91,21.14,9.5
1750,28000,4,50,300,2,2,2,300,0.888,0.859,0.953,0.927,33.24,183,17,6,18.18,17.58,16.59,8.25
1753,28000,4,50,300,3,1,1,300,0.848,0.811,0.937,0.941,23.15,125,10,5,13.02,11.05,3.64,0.93
1756,28000,4,50,300,3,1,2,300,0.867,0.834,0.956,0.948,22.77,141,11,5,10.54,9.57,0.69,0
1759,28000,4,50,300,3,2,1,300,0.869,0.837,0.957,0.949,33.16,146,15,5,20.66,20.25,15.91,5.75
1762,28000,4,50,300,3,2,2,300,0.897,0.876,0.983,0.959,32.75,178,17,6,16.94,15.45,11.82,4.63
1765,28000,4,50,300,4,1,1,300,0.820,0.749,0.817,0.804,21.24,152,10,5,8.68,12.56,6.37,0.88
1766,28000,4,50,300,4,1,1,800,0.773,0.679,0.761,0.728,22.45,117,10,4,14.54,17.24,15.23,6.78
1768,28000,4,50,300,4,1,2,300,0.840,0.777,0.839,0.812,20.7,172,11,6,6.59,9.95,2.96,0
1771,28000,4,50,300,4,2,1,300,0.823,0.753,0.823,0.807,30.27,155,16,5,26.65,24.3,28.17,16.55
1772,28000,4,50,300,4,2,1,800,0.791,0.701,0.780,0.733,30.6,134,15,5,30.79,26.47,29.45,24.38
1774,28000,4,50,300,4,2,2,300,0.856,0.799,0.853,0.818,30.34,193,17,6,22.31,24.57,23.42,16.82
1777,28000,4,50,300,5,1,1,300,0.845,0.806,0.926,0.930,23.17,126,10,5,13.44,11.12,4.38,1.55
1780,28000,4,50,300,5,1,2,300,0.864,0.829,0.946,0.937,22.78,141,11,5,10.95,9.61,2.28,0.04
1783,28000,4,50,300,5,2,1,300,0.864,0.830,0.946,0.938,33.16,146,15,5,21.28,21.14,17.73,7
1786,28000,4,50,300,5,2,2,300,0.893,0.869,0.971,0.948,32.8,178,17,6,17.56,16.34,13.64,5.88
1789,28000,4,50,300,6,1,1,300,0.844,0.807,0.940,0.950,22.91,117,10,4,13.64,10.12,3.18,0
1795,28000,4,50,300,6,2,1,300,0.869,0.839,0.964,0.958,32.66,142,15,5,20.66,20.07,14.77,4.75
1801,28000,4,50,120,1,1,1,300,0.776,0.719,0.757,0.690,20.92,178,10,6,8.6,11.32,11.32,7.38
1802,28000,4,50,120,1,1,1,800,0.733,0.654,0.704,0.613,22.15,143,10,5,13.37,16.08,16.08,15.35
1803,28000,4,50,120,1,1,1,150,0.709,0.591,0.624,0.360,19.58,195,10,6,10,10,11.08,11.08
1804,28000,4,50,120,1,1,2,300,0.801,0.751,0.781,0.699,20.4,205,11,6,6.59,9.3,9.3,6.38
1805,28000,4,50,120,1,1,2,800,0.754,0.680,0.724,0.621,21.79,162,11,5,11.97,14.69,14.69,13.95
1806,28000,4,50,120,1,1,2,150,0.736,0.627,0.651,0.370,19.09,225,11,7,7.03,8.1,9.19,9.19
1807,28000,4,50,120,1,2,1,300,0.765,0.701,0.749,0.686,29.37,159,16,5,33.59,26.47,28.41,25.57
1808,28000,4,50,120,1,2,1,800,0.731,0.650,0.704,0.613,29.77,139,15,5,35.15,32.86,32.73,29.95
1809,28000,4,50,120,1,2,1,150,0.690,0.564,0.610,0.353,27.28,165,16,5,32.08,35.96,35.96,35.23
1810,28000,4,50,120,1,2,2,300,0.798,0.746,0.779,0.697,29.44,199,17,6,29.96,21.08,28.67,25.84
1811,28000,4,50,120,1,2,2,800,0.763,0.693,0.733,0.624,29.84,174,17,6,34.5,27.53,30.22,30.22
1812,28000,4,50,120,1,2,2,150,0.724,0.610,0.640,0.366,27.34,207,18,6,29.35,30.73,34.55,35.45
1813,28000,4,50,120,2,1,1,300,0.820,0.807,0.911,0.861,22.89,153,10,5,15.07,10.04,3.29,3.3
1814,28000,4,50,120,2,1,1,800,0.774,0.737,0.854,0.783,24.12,117,10,4,19.84,14.92,8.86,8.06
1815,28000,4,50,120,2,1,1,150,0.754,0.681,0.780,0.532,21.56,169,10,6,11.08,13.8,12.28,13.06
1816,28000,4,50,120,2,1,2,300,0.842,0.834,0.933,0.868,22.32,173,11,6,12.87,7.83,1.09,1.09
1818,28000,4,50,120,2,1,2,150,0.777,0.713,0.803,0.540,21.02,193,11,6,8.99,11.7,8.64,10.97
1819,28000,4,50,120,2,2,1,300,0.820,0.806,0.913,0.861,32.31,151,16,5,27.07,24.16,21.35,15.63
1820,28000,4,50,120,2,2,1,800,0.788,0.754,0.870,0.788,32.5,130,15,5,31.2,30.55,22.09,23.88
1821,28000,4,50,120,2,2,1,150,0.747,0.670,0.776,0.529,30.32,157,16,5,36.57,30.38,29.32,32.08
1822,28000,4,50,120,2,2,2,300,0.853,0.850,0.943,0.872,32.39,188,17,6,22.73,18.65,18.18,14.38
1824,28000,4,50,120,2,2,2,150,0.780,0.714,0.806,0.541,30.39,196,17,6,32.23,24.87,28.63,32.35
1825,28000,4,50,120,3,1,1,300,0.825,0.819,0.937,0.891,22.64,143,10,5,14.11,9.07,2.33,1.75
1827,28000,4,50,120,3,1,1,150,0.758,0.693,0.806,0.562,21.33,160,10,5,10.19,12.9,8.19,12.17
1828,28000,4,50,120,3,1,2,300,0.845,0.844,0.957,0.899,22.27,162,11,5,12.68,7.64,0.46,0.88
1830,28000,4,50,120,3,1,2,150,0.782,0.723,0.829,0.571,20.79,182,11,6,8.1,10.81,4.55,10.08
1831,28000,4,50,120,3,2,1,300,0.833,0.827,0.946,0.894,32.31,151,16,5,25.41,21.49,17.73,11.88
1833,28000,4,50,120,3,2,1,150,0.758,0.691,0.807,0.562,30.32,157,16,5,35.12,27.72,28.36,32.09
1834,28000,4,50,120,3,2,2,300,0.866,0.871,0.976,0.906,32.39,188,17,6,21.07,15.99,12.96,10.63
1836,28000,4,50,120,3,2,2,150,0.791,0.736,0.837,0.574,30.39,196,17,6,30.79,24.77,25.92,32.35
1837,28000,4,50,120,4,1,1,300,0.793,0.753,0.816,0.754,20.71,170,10,6,7.79,10.5,6.59,2.63
1838,28000,4,50,120,4,1,1,800,0.750,0.687,0.761,0.678,21.93,135,10,5,12.52,15.23,15.23,8.76
1839,28000,4,50,120,4,1,1,150,0.727,0.627,0.684,0.424,19.38,186,10,6,8.27,9.23,6.91,10.31
1840,28000,4,50,120,4,1,2,300,0.818,0.784,0.840,0.762,20.19,194,11,6,5.77,8.49,2.73,0.74
1841,28000,4,50,120,4,1,2,800,0.769,0.711,0.781,0.684,21.57,152,11,5,11.13,13.83,12.05,8
1842,28000,4,50,120,4,1,2,150,0.754,0.660,0.710,0.434,18.9,215,11,6,4.75,6.75,5.04,8.45
1843,28000,4,50,120,4,2,1,300,0.788,0.744,0.813,0.752,29.37,159,16,5,31.2,21.14,24.69,22.25
1844,28000,4,50,120,4,2,1,800,0.755,0.693,0.769,0.680,29.77,139,15,5,35.15,27.53,29.95,27.12
1845,28000,4,50,120,4,2,1,150,0.714,0.607,0.674,0.420,27.28,165,16,5,30.58,31.09,29.1,35.23
1846,28000,4,50,120,4,2,2,300,0.821,0.789,0.843,0.763,29.44,199,17,6,26.86,21.08,24.95,21
1847,28000,4,50,120,4,2,2,800,0.787,0.736,0.797,0.691,29.84,174,17,6,31.41,22.63,26.5,27.39
1848,28000,4,50,120,4,2,2,150,0.747,0.653,0.704,0.432,27.34,207,18,6,26.24,27.28,26.9,35.45
1849,28000,4,50,120,5,1,1,300,0.821,0.811,0.926,0.880,22.66,144,10,5,14.18,9.15,2.4,2.41
1851,28000,4,50,120,5,1,1,150,0.755,0.687,0.796,0.552,21.34,161,10,5,10.23,12.94,9.78,12.21
1852,28000,4,50,120,5,1,2,300,0.842,0.839,0.947,0.888,22.28,163,11,6,12.71,7.67,0.93,0.93
1854,28000,4,50,120,5,1,2,150,0.779,0.716,0.819,0.560,20.81,183,11,6,8.18,10.89,6.14,10.16
1855,28000,4,50,120,5,2,1,300,0.828,0.820,0.934,0.883,32.31,151,16,5,26.03,22.38,19.55,13.13
1857,28000,4,50,120,5,2,1,150,0.755,0.684,0.797,0.551,30.32,157,16,5,35.54,28.6,28.36,32.09
1858,28000,4,50,120,5,2,2,300,0.861,0.864,0.964,0.894,32.39,188,17,6,21.69,16.87,14.77,11.88
1860,28000,4,50,120,5,2,2,150,0.788,0.729,0.827,0.563,30.39,196,17,6,31.2,24.76,27.51,32.35
1861,28000,4,50,120,6,1,1,300,0.821,0.816,0.940,0.900,22.41,135,10,5,13.21,8.18,1.44,0.75
1863,28000,4,50,120,6,1,1,150,0.755,0.691,0.810,0.571,21.11,151,10,5,9.34,12.05,7.51,11.32
1864,28000,4,50,120,6,1,2,300,0.840,0.840,0.960,0.907,22.04,152,11,5,11.78,6.75,0,0
1866,28000,4,50,120,6,1,2,150,0.777,0.719,0.831,0.579,20.58,171,11,6,7.29,10,4.1,9.26
1867,28000,4,50,120,6,2,1,300,0.836,0.834,0.956,0.906,32.31,151,16,5,25,20.6,16.14,10.63
1869,28000,4,50,120,6,2,1,150,0.763,0.699,0.819,0.573,30.32,157,16,5,34.5,26.83,28.36,32.09
1870,28000,4,50,120,6,2,2,300,0.867,0.876,0.984,0.916,32.11,186,17,6,20.87,15.45,11.59,9.5
1872,28000,4,50,120,6,2,2,150,0.796,0.743,0.849,0.586,30.39,196,17,6,30.17,24.76,24.09,32.36
1873,28000,4,50,20,1,1,1,300,0.624,0.670,0.706,0.470,19.2,187,10,6,8.53,5.51,5.91,9
1874,28000,4,50,20,1,1,1,800,0.583,0.607,0.653,0.393,20.43,152,10,5,13.29,13.29,10.97,14.38
1875,28000,4,50,20,1,1,1,150,0.556,0.543,0.573,0.140,17.83,204,10,6,3.22,3.56,8.87,10.63
1876,28000,4,50,20,1,1,2,300,0.651,0.704,0.731,0.479,18.72,216,11,6,6.66,2.8,2.8,7.75
1877,28000,4,50,20,1,1,2,800,0.605,0.634,0.676,0.401,19.93,172,11,6,11.36,9.95,9.03,12.44
1878,28000,4,50,20,1,1,2,150,0.585,0.580,0.600,0.150,17.4,236,11,7,1.55,1.55,4.55,9.51
1879,28000,4,50,20,1,2,1,300,0.608,0.646,0.693,0.463,27.29,161,16,5,33.28,27.09,26.7,32.88
1880,28000,4,50,20,1,2,1,800,0.575,0.594,0.649,0.391,26.9,140,15,5,31.77,32.69,33.19,33.75
1881,28000,4,50,20,1,2,1,150,0.534,0.509,0.554,0.132,26.85,167,16,6,33.47,34.29,34.29,39.25
1882,28000,4,50,20,1,2,2,300,0.641,0.691,0.723,0.476,27.35,201,18,6,32.35,27.32,26.93,31.5
1883,28000,4,50,20,1,2,2,800,0.607,0.637,0.677,0.402,26.96,176,17,6,32.01,27.36,28.64,33.98
1884,28000,4,50,20,1,2,2,150,0.567,0.556,0.584,0.144,26.91,209,18,6,31.82,34.52,34.52,39.48
1885,28000,4,50,20,2,1,1,300,0.668,0.759,0.860,0.641,21.18,161,10,5,15.91,12.26,3.02,11.59
1886,28000,4,50,20,2,1,1,800,0.624,0.691,0.806,0.563,22.42,126,10,5,21.01,17.13,8.18,16.39
1887,28000,4,50,20,2,1,1,150,0.602,0.633,0.729,0.312,19.84,178,10,6,11.01,10.13,7.13,12.1
1888,28000,4,50,20,2,1,2,300,0.692,0.789,0.883,0.649,20.66,184,11,6,12.82,8.53,1.01,9.57
1889,28000,4,50,20,2,1,2,800,0.643,0.714,0.824,0.570,22.05,142,11,5,19.22,15.69,6.39,14.96
1890,28000,4,50,20,2,1,2,150,0.627,0.666,0.753,0.321,19.35,204,11,6,9.11,6.04,5.23,10.19
1891,28000,4,50,20,2,2,1,300,0.664,0.750,0.857,0.639,29.34,152,16,5,37.2,20.69,22.73,28.29
1892,28000,4,50,20,2,2,1,800,0.630,0.699,0.813,0.567,29.69,132,15,5,41.42,26.83,25.92,29.64
1893,28000,4,50,20,2,2,1,150,0.589,0.614,0.719,0.308,27.29,158,16,5,33.28,30.2,26.7,35.26
1894,28000,4,50,20,2,2,2,300,0.697,0.796,0.887,0.651,29.41,190,17,6,33.75,20.97,17.96,28.56
1895,28000,4,50,20,2,2,2,800,0.662,0.741,0.841,0.578,29.77,165,16,6,37.4,22.36,25.23,29.95
1896,28000,4,50,20,2,2,2,150,0.622,0.660,0.749,0.319,27.35,198,17,6,33.52,27.32,25.68,35.49
1897,28000,4,50,20,3,1,1,300,0.673,0.771,0.886,0.671,20.96,152,10,5,15.29,10.66,2.18,9.5
1898,28000,4,50,20,3,1,1,800,0.627,0.701,0.830,0.594,22.18,117,10,4,20.07,16.2,6.9,15.47
1899,28000,4,50,20,3,1,1,150,0.607,0.646,0.754,0.342,19.63,169,10,6,10.19,8.53,6.32,11.28
1900,28000,4,50,20,3,1,2,300,0.695,0.799,0.907,0.679,20.43,172,11,6,12.4,7.29,0.12,8.63
1902,28000,4,50,20,3,1,2,150,0.632,0.676,0.779,0.351,19.14,193,11,6,8.3,4.8,4.42,9.38
1903,28000,4,50,20,3,2,1,300,0.676,0.771,0.890,0.672,29.34,152,16,5,35.54,20.69,17.5,26.38
1904,28000,4,50,20,3,2,1,800,0.643,0.720,0.846,0.600,29.69,132,15,5,39.88,24.16,24.55,29.64
1905,28000,4,50,20,3,2,1,150,0.602,0.636,0.751,0.341,27.29,158,16,5,33.28,27.53,25.23,35.26
1906,28000,4,50,20,3,2,2,300,0.709,0.817,0.920,0.684,29.41,190,17,6,33.75,20.97,12.73,25.73
1908,28000,4,50,20,3,2,2,150,0.635,0.681,0.781,0.352,27.35,198,17,6,32.65,27.32,20.58,35.49
1909,28000,4,50,20,4,1,1,300,0.641,0.704,0.764,0.534,19.01,178,10,6,7.79,3.91,3.91,3.18
1910,28000,4,50,20,4,1,1,800,0.599,0.640,0.711,0.458,20.23,143,10,5,12.52,9.24,8.64,10.38
1911,28000,4,50,20,4,1,1,150,0.575,0.577,0.631,0.204,17.66,195,10,6,2.56,2.56,3.65,3.65
1912,28000,4,50,20,4,1,2,300,0.667,0.737,0.789,0.543,18.53,205,11,6,5.93,2.06,2.06,1.38
1913,28000,4,50,20,4,1,2,800,0.619,0.666,0.731,0.466,19.9,162,11,5,11.24,7.36,7.36,9.5
1914,28000,4,50,20,4,1,2,150,0.602,0.613,0.659,0.214,17.22,225,11,7,0.86,0.86,1.94,2.26
1915,28000,4,50,20,4,2,1,300,0.632,0.689,0.757,0.530,27.29,161,16,5,33.06,27.08,24.32,27.88
1916,28000,4,50,20,4,2,1,800,0.599,0.637,0.713,0.458,26.9,140,15,5,31.77,27.36,25.19,33.5
1917,28000,4,50,20,4,2,1,150,0.558,0.551,0.619,0.199,26.85,167,16,6,31.58,34.29,34.29,39.25
1918,28000,4,50,20,4,2,2,300,0.665,0.734,0.787,0.542,27.35,201,18,6,32.36,22.38,20.58,26.51
1919,28000,4,50,20,4,2,2,800,0.630,0.680,0.741,0.469,26.96,176,17,6,32.01,25.81,25.42,32.25
1920,28000,4,50,20,4,2,2,150,0.591,0.599,0.649,0.211,26.91,209,18,6,31.82,32.15,33.18,38.13
1921,28000,4,50,20,5,1,1,300,0.670,0.764,0.876,0.661,20.97,153,10,5,15.38,11.51,2.21,10.63
1922,28000,4,50,20,5,1,1,800,0.624,0.694,0.820,0.583,22.19,117,10,4,20.12,16.24,6.94,15.5
1923,28000,4,50,20,5,1,1,150,0.603,0.639,0.744,0.332,19.64,169,10,6,10.23,9.42,6.36,11.32
1924,28000,4,50,20,5,1,2,300,0.692,0.791,0.897,0.668,20.44,173,11,6,12.81,8.17,0.16,8.72
1926,28000,4,50,20,5,1,2,150,0.627,0.670,0.767,0.340,19.15,193,11,6,8.33,5.51,4.46,9.42
1927,28000,4,50,20,5,2,1,300,0.671,0.764,0.879,0.661,29.34,152,16,5,36.16,20.69,19.32,27.63
1928,28000,4,50,20,5,2,1,800,0.638,0.713,0.834,0.589,29.69,132,15,5,40.5,25.05,25.92,29.64
1929,28000,4,50,20,5,2,1,150,0.597,0.629,0.740,0.330,27.29,158,16,5,33.28,28.42,26.7,35.26
1930,28000,4,50,20,5,2,2,300,0.705,0.810,0.909,0.673,29.41,190,17,6,33.75,20.97,14.55,26.25
1932,28000,4,50,20,5,2,2,150,0.630,0.674,0.770,0.341,27.35,198,17,6,33.27,27.32,22.28,35.49
1933,28000,4,50,20,6,1,1,300,0.670,0.769,0.890,0.680,20.74,143,10,5,14.49,10.62,1.32,8.51
1935,28000,4,50,20,6,1,1,150,0.605,0.644,0.759,0.351,19.43,160,10,5,9.42,8.71,5.55,10.5
1936,28000,4,50,20,6,1,2,300,0.690,0.794,0.910,0.688,20.4,162,11,5,13.02,7.82,0,7.63
1938,28000,4,50,20,6,1,2,150,0.627,0.673,0.781,0.360,18.94,182,11,6,7.52,5.15,3.65,8.61
1939,28000,4,50,20,6,2,1,300,0.679,0.779,0.900,0.683,29.34,152,16,5,35.13,20.7,15.91,25.46
1941,28000,4,50,20,6,2,1,150,0.605,0.643,0.761,0.352,27.29,158,16,5,33.28,27.09,23.64,35.26
1942,28000,4,50,20,6,2,2,300,0.712,0.824,0.930,0.696,29.41,190,17,6,33.75,20.96,11.14,25.73
1944,28000,4,50,20,6,2,2,150,0.638,0.689,0.791,0.363,27.35,198,17,6,32.35,27.32,20.57,35.49
1153,30000,6,50,120,1,1,1,300,0.948,0.857,0.857,0.778,20,99,10,4,0.01,0.01,0.01,0
1155,30000,6,50,120,1,1,1,150,0.948,0.714,0.714,0.444,19,117,10,4,0,3.88,4.55,8.84
1158,30000,6,50,120,1,1,2,150,0.948,0.714,0.714,0.444,19,131,11,5,0.01,3.88,4.55,8.84
1159,30000,6,50,120,1,2,1,300,0.948,0.857,0.857,0.778,27,130,15,5,10.33,11.63,16.37,16.39
1161,30000,6,50,120,1,2,1,150,0.948,0.714,0.714,0.444,26,142,15,5,10.33,22.09,22.73,30.26
1164,30000,6,50,120,1,2,2,150,0.948,0.857,0.714,0.444,25,171,17,6,10.33,7.11,22.74,26.39
1191,30000,6,50,120,4,1,1,150,0.948,0.714,0.714,0.444,19,108,10,4,0.01,3.88,4.55,8.84
1194,30000,6,50,120,4,1,2,150,0.948,0.714,0.714,0.444,19,121,11,5,0.01,3.88,4.55,8.84
1197,30000,6,50,120,4,2,1,150,0.948,0.857,0.714,0.444,25,136,15,5,10.33,7.11,22.74,26.39
1200,30000,6,50,120,4,2,2,150,0.948,0.857,0.857,0.444,25,164,16,6,10.33,7.11,11.47,26.39
1225,30000,6,50,20,1,1,1,300,0.790,0.857,0.714,0.556,19,110,10,4,1.17,0.01,4.55,3.15
1227,30000,6,50,20,1,1,1,150,0.790,0.714,0.714,0.222,17,127,10,5,0,0,0,1.38
1228,30000,6,50,20,1,1,2,300,0.790,0.857,0.857,0.556,18,123,11,5,0.01,0,0,0
1230,30000,6,50,20,1,1,2,150,0.790,0.714,0.714,0.222,17,143,11,5,0.01,0.01,0.01,1.38
1231,30000,6,50,20,1,2,1,300,0.948,0.857,0.857,0.556,26,137,15,5,10.33,7.75,15.35,23.25
1233,30000,6,50,20,1,2,1,150,0.790,0.714,0.714,0.222,26,149,16,5,20.66,22.09,22.73,35.96
1234,30000,6,50,20,1,2,2,300,0.948,0.857,0.857,0.556,25,165,16,6,10.33,7.11,11.47,22.5
1236,30000,6,50,20,1,2,2,150,0.790,0.714,0.714,0.222,26,180,17,6,20.66,22.09,22.73,35.96
1239,30000,6,50,20,2,1,1,150,0.790,0.714,0.857,0.333,19,101,10,4,1.17,3.88,0.01,8.84
1245,30000,6,50,20,2,2,1,150,0.790,0.857,0.857,0.333,26,131,15,5,20.66,7.75,15.35,30.26
1261,30000,6,50,20,4,1,1,300,0.790,0.857,0.857,0.556,19,101,10,4,1.17,0.01,0.01,3.15
1263,30000,6,50,20,4,1,1,150,0.790,0.714,0.714,0.222,17,118,10,4,0.01,0.01,0.01,1.38
1266,30000,6,50,20,4,1,2,150,0.790,0.714,0.714,0.222,17,133,11,5,0.01,0.01,0.01,1.38
1267,30000,6,50,20,4,2,1,300,0.948,0.857,0.857,0.556,25,131,15,5,10.33,7.11,11.47,22.5
1269,30000,6,50,20,4,2,1,150,0.790,0.714,0.714,0.222,25,143,15,5,20.66,18.21,22.74,32.08
1272,30000,6,50,20,4,2,2,150,0.790,0.714,0.714,0.222,25,172,17,6,20.66,18.21,22.74,32.08
1377,30000,4,150,120,1,2,1,150,0.632,0.571,0.714,0.444,21,87,13,4,15.5,15.5,11.63,11.88
1380,30000,4,150,120,1,2,2,150,0.790,0.571,0.714,0.444,20,103,14,4,5.04,11.63,7.75,11.88
1413,30000,4,150,120,4,2,1,150,0.790,0.571,0.714,0.556,20,81,13,4,5.04,11.63,7.75,7.02
1416,30000,4,150,120,4,2,2,150,0.790,0.571,0.714,0.556,20,96,14,4,5.04,11.63,7.75,7.02
1443,30000,4,150,20,1,1,1,150,0.316,0.286,0.429,0.222,16,46,10,4,3.37,3.37,5.46,1.38
1446,30000,4,150,20,1,1,2,150,0.316,0.286,0.429,0.222,16,49,11,4,3.37,3.37,5.46,1.38
1447,30000,4,150,20,1,2,1,300,0.632,0.714,0.714,0.556,21,83,13,4,15.5,11.63,11.63,10.89
1449,30000,4,150,20,1,2,1,150,0.632,0.571,0.714,0.222,21,95,13,4,15.5,15.5,11.63,16.58
1450,30000,4,150,20,1,2,2,300,0.632,0.714,0.857,0.556,20,99,14,4,11.63,7.75,0.01,7.02
1452,30000,4,150,20,1,2,2,150,0.632,0.571,0.714,0.222,21,113,15,4,15.5,15.5,11.63,16.58
1485,30000,4,150,20,4,2,1,150,0.632,0.571,0.714,0.333,21,89,13,4,15.5,15.5,11.63,16.58
1488,30000,4,150,20,4,2,2,150,0.632,0.571,0.714,0.333,20,106,14,4,11.63,11.63,7.75,12.71
1513,30000,4,100,300,1,1,1,300,0.790,0.714,0.857,0.778,22,114,10,4,12.4,15.5,6.2,3.88
1519,30000,4,100,300,1,2,1,300,0.790,0.714,0.857,0.778,30,140,15,5,30.99,24.87,22.73,19.38
1585,30000,4,100,120,1,1,1,300,0.790,0.714,0.857,0.778,21,137,10,5,8.91,11.63,2.33,1.16
1587,30000,4,100,120,1,1,1,150,0.790,0.571,0.714,0.444,20,154,10,5,5.04,11.63,7.75,11.88
1588,30000,4,100,120,1,1,2,300,0.790,0.714,0.857,0.778,21,155,11,5,8.91,11.63,2.33,1.16
1590,30000,4,100,120,1,1,2,150,0.790,0.571,0.714,0.444,19,176,11,6,1.17,7.75,4.55,8.84
1591,30000,4,100,120,1,2,1,300,0.790,0.714,0.857,0.778,30,155,16,5,30.99,24.87,22.73,19.38
1593,30000,4,100,120,1,2,1,150,0.790,0.571,0.714,0.444,28,163,16,5,28.29,35.53,29.45,35
1594,30000,4,100,120,1,2,2,300,0.790,0.714,0.857,0.778,29,188,17,6,30.99,24.87,22.73,19.38
1596,30000,4,100,120,1,2,2,150,0.790,0.714,0.714,0.444,28,202,18,6,28.29,24.87,29.45,35
1597,30000,4,100,120,2,1,1,300,0.790,0.857,1.000,0.889,23,111,10,4,15.5,7.11,0,2
1599,30000,4,100,120,2,1,1,150,0.790,0.714,0.857,0.556,22,129,10,5,12.4,15.5,6.2,14.77
1602,30000,4,100,120,2,1,2,150,0.790,0.714,0.857,0.556,21,145,11,5,8.91,11.63,2.33,10.89
1603,30000,4,100,120,2,2,1,300,0.790,0.857,1.000,0.889,32,138,15,5,30.99,17.76,9.09,12.5
1605,30000,4,100,120,2,2,1,150,0.790,0.714,0.857,0.556,30,150,16,5,30.99,24.87,22.73,30.84
1608,30000,4,100,120,2,2,2,150,0.790,0.714,0.857,0.556,30,181,17,6,30.99,24.87,22.73,30.84
1611,30000,4,100,120,3,1,1,150,0.790,0.714,0.857,0.556,21,119,10,4,8.91,11.63,2.33,10.89
1614,30000,4,100,120,3,1,2,150,0.790,0.714,0.857,0.667,21,134,11,5,8.91,11.63,2.33,10
1617,30000,4,100,120,3,2,1,150,0.790,0.714,0.857,0.667,30,144,15,5,30.99,24.87,22.73,28.02
1620,30000,4,100,120,3,2,2,150,0.790,0.714,0.857,0.667,29,173,17,6,30.99,24.87,22.73,26.97
1621,30000,4,100,120,4,1,1,300,0.790,0.714,0.857,0.778,21,128,10,5,8.91,11.63,2.33,1.16
1623,30000,4,100,120,4,1,1,150,0.790,0.571,0.714,0.444,20,146,10,5,5.04,11.63,7.75,11.88
1624,30000,4,100,120,4,1,2,300,0.790,0.714,0.857,0.778,21,145,11,5,8.91,11.63,2.33,1.16
1626,30000,4,100,120,4,1,2,150,0.790,0.714,0.714,0.444,19,165,11,6,1.17,3.88,4.55,8.84
1627,30000,4,100,120,4,2,1,300,0.790,0.714,0.857,0.778,29,150,16,5,30.99,24.87,22.73,19.38
1629,30000,4,100,120,4,2,1,150,0.790,0.714,0.714,0.444,28,161,16,5,28.29,24.87,29.45,35
1630,30000,4,100,120,4,2,2,300,0.790,0.857,0.857,0.778,29,181,17,6,30.99,17.76,22.73,19.38
1632,30000,4,100,120,4,2,2,150,0.790,0.714,0.714,0.444,27,195,17,6,24.42,24.87,25.57,34.14
1635,30000,4,100,120,5,1,1,150,0.790,0.714,0.857,0.556,21,120,10,5,8.91,11.63,2.33,10.89
1638,30000,4,100,120,5,1,2,150,0.790,0.714,0.857,0.556,21,135,11,5,8.91,11.63,2.33,10.89
1641,30000,4,100,120,5,2,1,150,0.790,0.714,0.857,0.556,30,144,15,5,30.99,24.87,22.73,30.84
1644,30000,4,100,120,5,2,2,150,0.790,0.714,0.857,0.667,29,174,17,6,30.99,24.87,22.73,26.97
1657,30000,4,100,20,1,1,1,300,0.632,0.714,0.714,0.556,19,147,10,5,7.75,3.88,4.55,3.15
1659,30000,4,100,20,1,1,1,150,0.632,0.571,0.571,0.222,18,165,10,5,3.88,3.88,9.1,4.96
1660,30000,4,100,20,1,1,2,300,0.632,0.714,0.714,0.556,19,167,11,6,7.75,3.88,4.55,3.15
1662,30000,4,100,20,1,1,2,150,0.632,0.571,0.714,0.222,18,188,11,6,3.88,3.88,1.55,4.96
1663,30000,4,100,20,1,2,1,300,0.632,0.714,0.714,0.556,28,159,16,5,34.88,24.87,29.45,28.28
1665,30000,4,100,20,1,2,1,150,0.632,0.571,0.571,0.222,28,166,16,5,34.88,35.53,38.75,38.01
1666,30000,4,100,20,1,2,2,300,0.632,0.714,0.857,0.556,28,196,17,6,34.88,24.87,19.37,28.28
1668,30000,4,100,20,1,2,2,150,0.632,0.571,0.714,0.222,28,207,18,6,34.88,35.53,29.45,38.01
1669,30000,4,100,20,2,1,1,300,0.632,0.714,0.857,0.667,21,121,10,5,15.5,11.63,2.33,10
1671,30000,4,100,20,2,1,1,150,0.632,0.571,0.714,0.333,20,139,10,5,11.63,11.63,7.75,12.71
1672,30000,4,100,20,2,1,2,300,0.632,0.714,0.857,0.667,21,136,11,5,15.5,11.63,2.33,10
1674,30000,4,100,20,2,1,2,150,0.632,0.714,0.857,0.333,20,157,11,5,11.63,7.75,0.01,12.71
1675,30000,4,100,20,2,2,1,300,0.632,0.857,0.857,0.667,29,145,15,5,38.75,17.76,22.73,26.97
1677,30000,4,100,20,2,2,1,150,0.632,0.714,0.857,0.333,28,157,16,5,34.88,24.87,19.37,38.01
1678,30000,4,100,20,2,2,2,300,0.790,0.857,1.000,0.667,29,175,17,6,30.99,17.76,8.53,26.97
1680,30000,4,100,20,2,2,2,150,0.632,0.714,0.857,0.333,27,189,17,6,32.16,24.87,16.37,34.14
1681,30000,4,100,20,3,1,1,300,0.632,0.714,0.857,0.667,21,112,10,4,15.5,11.63,2.33,10
1683,30000,4,100,20,3,1,1,150,0.632,0.714,0.857,0.333,20,129,10,5,11.63,7.75,0.01,12.71
1686,30000,4,100,20,3,1,2,150,0.632,0.714,0.857,0.444,19,146,11,5,7.75,3.88,0.01,8.84
1687,30000,4,100,20,3,2,1,300,0.632,0.857,1.000,0.778,29,139,15,5,38.75,17.76,8.53,19.38
1689,30000,4,100,20,3,2,1,150,0.632,0.714,0.857,0.444,27,150,16,5,32.16,24.87,16.37,34.14
1692,30000,4,100,20,3,2,2,150,0.632,0.714,0.857,0.444,27,182,17,6,32.16,24.87,16.37,34.14
1693,30000,4,100,20,4,1,1,300,0.632,0.714,0.857,0.556,19,138,10,5,7.75,3.88,0.01,3.15
1695,30000,4,100,20,4,1,1,150,0.632,0.571,0.714,0.222,18,156,10,5,3.88,3.88,1.55,4.96
1696,30000,4,100,20,4,1,2,300,0.632,0.714,0.857,0.556,19,157,11,5,7.75,3.88,0.01,3.15
1698,30000,4,100,20,4,1,2,150,0.632,0.571,0.714,0.222,17,178,11,6,0.01,0.01,0.01,1.38
1699,30000,4,100,20,4,2,1,300,0.632,0.714,0.857,0.556,28,157,16,5,34.88,24.87,19.37,28.28
1701,30000,4,100,20,4,2,1,150,0.632,0.571,0.714,0.222,28,166,16,5,34.88,35.53,29.45,38.01
1702,30000,4,100,20,4,2,2,300,0.632,0.714,0.857,0.556,27,189,17,6,32.16,24.87,16.37,25
1704,30000,4,100,20,4,2,2,150,0.632,0.571,0.714,0.222,27,203,18,6,32.16,34.88,25.57,36.88
1705,30000,4,100,20,5,1,1,300,0.632,0.714,0.857,0.667,21,113,10,4,15.5,11.63,2.33,10
1707,30000,4,100,20,5,1,1,150,0.632,0.714,0.857,0.333,20,130,10,5,11.63,7.75,0.01,12.71
1710,30000,4,100,20,5,1,2,150,0.632,0.714,0.857,0.333,19,147,11,5,7.75,3.88,0.01,8.84
1711,30000,4,100,20,5,2,1,300,0.632,0.857,1.000,0.667,29,139,15,5,38.75,17.76,8.53,26.97
1713,30000,4,100,20,5,2,1,150,0.632,0.714,0.857,0.333,27,151,16,5,32.16,24.87,16.37,34.14
1716,30000,4,100,20,5,2,2,150,0.632,0.714,0.857,0.444,27,182,17,6,32.16,24.87,16.37,34.14
1719,30000,4,100,20,6,1,1,150,0.632,0.714,0.857,0.444,20,121,10,5,11.63,7.75,0.01,11.88
1722,30000,4,100,20,6,1,2,150,0.632,0.714,0.857,0.444,19,136,11,5,7.75,3.88,0.01,8.84
1725,30000,4,100,20,6,2,1,150,0.632,0.714,0.857,0.444,27,145,15,5,32.16,24.87,16.37,34.14
1728,30000,4,100,20,6,2,2,150,0.632,0.714,0.857,0.444,26,174,17,6,28.29,22.09,15.35,30.26
1729,30000,4,50,300,1,1,1,300,0.790,0.857,0.857,0.778,24,238,10,7,19.38,7.11,8.41,7.6
1732,30000,4,50,300,1,1,2,300,0.948,0.857,0.857,0.778,23,279,11,7,8.91,7.11,8.41,3.88
1735,30000,4,50,300,1,2,1,300,0.790,0.714,0.714,0.778,33,179,17,6,30.99,34.87,39.09,25
1738,30000,4,50,300,1,2,2,300,0.790,0.714,0.857,0.778,34,224,18,7,30.99,35.52,27.9,25
1741,30000,4,50,300,2,1,1,300,0.948,0.857,1.000,0.889,26,213,10,6,10.33,7.75,0.01,6.88
1744,30000,4,50,300,2,1,2,300,0.948,0.857,1.000,0.889,25,248,11,7,10.33,7.11,0.01,6.88
1747,30000,4,50,300,2,2,1,300,0.948,0.857,1.000,0.889,37,171,16,6,10.33,17.76,9.09,12.5
1750,30000,4,50,300,2,2,2,300,0.948,0.857,1.000,0.889,37,214,18,6,10.33,17.76,9.09,12.5
1753,30000,4,50,300,3,1,1,300,0.948,0.857,1.000,1.000,26,203,10,6,10.33,7.75,0.01,0
1759,30000,4,50,300,3,2,1,300,0.948,0.857,1.000,1.000,37,171,16,6,10.33,17.76,9.09,0.01
1765,30000,4,50,300,4,1,1,300,0.948,0.857,0.857,0.778,24,230,10,7,10.33,7.11,8.41,7.6
1768,30000,4,50,300,4,1,2,300,0.948,0.857,0.857,0.889,23,269,11,7,8.91,7.11,8.41,2
1771,30000,4,50,300,4,2,1,300,0.790,0.714,0.857,0.778,33,179,17,6,30.99,34.87,24.03,25
1774,30000,4,50,300,4,2,2,300,0.948,0.857,0.857,0.778,34,224,18,7,10.33,17.76,27.9,25
1777,30000,4,50,300,5,1,1,300,0.948,0.857,1.000,1.000,26,204,10,6,10.33,7.75,0.01,0.01
1783,30000,4,50,300,5,2,1,300,0.948,0.857,1.000,0.889,37,171,16,6,10.33,17.76,9.09,12.5
1801,30000,4,50,120,1,1,1,300,0.790,0.857,0.857,0.667,23,257,10,7,15.5,7.11,8.41,11.63
1802,30000,4,50,120,1,1,1,800,0.790,0.714,0.714,0.667,25,219,10,6,20.66,18.21,22.74,16.38
1803,30000,4,50,120,1,1,1,150,0.790,0.714,0.714,0.333,22,274,10,7,12.4,15.5,15.5,20.46
1804,30000,4,50,120,1,1,2,300,0.790,0.857,0.857,0.667,23,302,11,8,15.5,7.11,8.41,11.63
1805,30000,4,50,120,1,1,2,800,0.790,0.714,0.714,0.667,24,255,11,7,19.38,17.77,22.73,12.79
1806,30000,4,50,120,1,1,2,150,0.790,0.714,0.714,0.444,21,323,11,8,8.91,11.63,11.63,11.88
1807,30000,4,50,120,1,2,1,300,0.790,0.714,0.714,0.667,32,184,17,6,30.99,31,38.59,31.88
1808,30000,4,50,120,1,2,1,800,0.790,0.714,0.714,0.667,33,163,16,5,30.99,34.87,39.09,31.88
1809,30000,4,50,120,1,2,1,150,0.632,0.571,0.571,0.333,30,191,17,6,41.33,37.58,45.46,45.76
1810,30000,4,50,120,1,2,2,300,0.790,0.714,0.857,0.667,32,230,18,7,30.99,31,22.73,31.88
1811,30000,4,50,120,1,2,2,800,0.790,0.714,0.714,0.667,33,204,18,6,30.99,34.87,39.09,31.88
1812,30000,4,50,120,1,2,2,150,0.790,0.571,0.714,0.333,30,238,18,7,30.99,37.58,31.14,45.76
1813,30000,4,50,120,2,1,1,300,0.948,0.857,1.000,0.889,25,231,10,7,10.33,7.11,0.01,6.88
1815,30000,4,50,120,2,1,1,150,0.790,0.714,0.857,0.556,24,248,10,7,19.38,17.77,8.41,22.5
1816,30000,4,50,120,2,1,2,300,0.948,0.857,1.000,0.889,25,270,11,7,10.33,7.11,0.01,6.88
1818,30000,4,50,120,2,1,2,150,0.790,0.857,0.857,0.556,23,291,11,8,15.5,7.11,8.41,18.64
1819,30000,4,50,120,2,2,1,300,0.790,0.857,1.000,0.889,36,176,16,6,30.99,17.76,9.09,12.5
1821,30000,4,50,120,2,2,1,150,0.790,0.714,0.857,0.556,34,182,17,6,30.99,35.52,27.9,43.51
1822,30000,4,50,120,2,2,2,300,0.948,0.857,1.000,0.889,36,220,18,7,10.33,17.76,9.09,12.5
1824,30000,4,50,120,2,2,2,150,0.790,0.714,0.857,0.556,34,228,18,7,30.99,35.52,27.9,43.51
1825,30000,4,50,120,3,1,1,300,0.948,0.857,1.000,0.889,25,221,10,6,10.33,7.11,0.01,6.88
1827,30000,4,50,120,3,1,1,150,0.790,0.714,0.857,0.556,24,239,10,7,19.38,17.77,8.41,22.5
1828,30000,4,50,120,3,1,2,300,0.948,1.000,1.000,0.889,25,258,11,7,10.33,0.01,0.01,6.88
1830,30000,4,50,120,3,1,2,150,0.790,0.857,0.857,0.556,23,280,11,7,15.5,7.11,8.41,18.64
1831,30000,4,50,120,3,2,1,300,0.790,0.857,1.000,0.889,36,176,16,6,30.99,17.76,9.09,12.5
1833,30000,4,50,120,3,2,1,150,0.790,0.714,0.857,0.556,34,182,17,6,30.99,35.52,27.9,43.51
1834,30000,4,50,120,3,2,2,300,0.948,0.857,1.000,0.889,36,220,18,7,10.33,17.76,9.09,12.5
1836,30000,4,50,120,3,2,2,150,0.790,0.714,0.857,0.556,34,228,18,7,30.99,35.52,27.9,43.51
1837,30000,4,50,120,4,1,1,300,0.790,0.857,0.857,0.778,23,248,10,7,15.5,7.11,8.41,3.88
1838,30000,4,50,120,4,1,1,800,0.790,0.714,0.857,0.667,24,210,10,6,19.38,17.77,8.41,12.79
1839,30000,4,50,120,4,1,1,150,0.790,0.714,0.714,0.444,22,265,10,7,12.4,15.5,15.5,14.77
1840,30000,4,50,120,4,1,2,300,0.948,0.857,0.857,0.778,23,291,11,8,8.91,7.11,8.41,3.88
1841,30000,4,50,120,4,1,2,800,0.790,0.857,0.857,0.667,24,244,11,7,19.38,7.11,8.41,12.79
1842,30000,4,50,120,4,1,2,150,0.790,0.714,0.714,0.444,21,313,11,8,8.91,11.63,11.63,11.88
1843,30000,4,50,120,4,2,1,300,0.790,0.714,0.857,0.778,32,184,17,6,30.99,31,22.73,23.25
1844,30000,4,50,120,4,2,1,800,0.790,0.714,0.857,0.667,33,163,16,5,30.99,34.87,24.03,31.88
1845,30000,4,50,120,4,2,1,150,0.790,0.571,0.714,0.444,30,191,17,6,30.99,37.58,31.14,37.51
1846,30000,4,50,120,4,2,2,300,0.790,0.857,0.857,0.778,32,230,18,7,30.99,17.76,22.73,23.25
1847,30000,4,50,120,4,2,2,800,0.790,0.714,0.857,0.667,33,204,18,6,30.99,34.87,24.03,31.88
1848,30000,4,50,120,4,2,2,150,0.790,0.714,0.714,0.444,30,238,18,7,30.99,24.87,31.14,37.51
1849,30000,4,50,120,5,1,1,300,0.948,0.857,1.000,0.889,25,222,10,6,10.33,7.11,0.01,6.88
1851,30000,4,50,120,5,1,1,150,0.790,0.714,0.857,0.556,24,239,10,7,19.38,17.77,8.41,22.5
1852,30000,4,50,120,5,1,2,300,0.948,0.857,1.000,0.889,25,259,11,7,10.33,7.11,0.01,6.88
1854,30000,4,50,120,5,1,2,150,0.790,0.857,0.857,0.556,23,281,11,7,15.5,7.11,8.41,18.64
1855,30000,4,50,120,5,2,1,300,0.790,0.857,1.000,0.889,36,176,16,6,30.99,17.76,9.09,12.5
1857,30000,4,50,120,5,2,1,150,0.790,0.714,0.857,0.556,34,182,17,6,30.99,35.52,27.9,43.51
1858,30000,4,50,120,5,2,2,300,0.948,0.857,1.000,0.889,36,220,18,7,10.33,17.76,9.09,12.5
1860,30000,4,50,120,5,2,2,150,0.790,0.714,0.857,0.556,34,228,18,7,30.99,35.52,27.9,43.51
1861,30000,4,50,120,6,1,1,300,0.948,0.857,1.000,0.889,25,213,10,6,10.33,7.11,0.01,6.88
1863,30000,4,50,120,6,1,1,150,0.790,0.714,0.857,0.556,23,230,10,7,15.5,17.76,8.41,18.64
1864,30000,4,50,120,6,1,2,300,0.948,1.000,1.000,0.889,24,248,11,7,10.33,0,0.01,4.77
1866,30000,4,50,120,6,1,2,150,0.790,0.857,0.857,0.556,23,269,11,7,15.5,7.11,8.41,18.64
1867,30000,4,50,120,6,2,1,300,0.790,0.857,1.000,0.889,36,176,16,6,30.99,17.76,9.09,12.5
1869,30000,4,50,120,6,2,1,150,0.790,0.714,0.857,0.556,34,182,17,6,30.99,35.52,27.9,43.51
1870,30000,4,50,120,6,2,2,300,0.948,0.857,1.000,0.889,36,220,18,7,10.33,17.76,9.09,12.5
1872,30000,4,50,120,6,2,2,150,0.790,0.714,0.857,0.556,34,228,18,7,30.99,35.52,27.9,43.51
1873,30000,4,50,20,1,1,1,300,0.632,0.714,0.714,0.444,21,265,10,7,15.5,11.63,11.63,11.88
1874,30000,4,50,20,1,1,1,800,0.632,0.714,0.714,0.444,23,227,10,7,20.67,17.76,19.38,18.64
1875,30000,4,50,20,1,1,1,150,0.632,0.571,0.571,0.111,20,283,10,7,11.63,11.63,12.71,13.88
1876,30000,4,50,20,1,1,2,300,0.632,0.714,0.714,0.444,21,312,11,8,15.5,11.63,11.63,11.88
1877,30000,4,50,20,1,1,2,800,0.632,0.714,0.714,0.444,22,266,11,7,19.37,15.5,15.5,14.77
1878,30000,4,50,20,1,1,2,150,0.632,0.714,0.714,0.222,19,334,11,8,7.75,3.88,4.55,8.84
1879,30000,4,50,20,1,2,1,300,0.632,0.714,0.714,0.444,30,186,17,6,41.33,24.87,31.14,37.51
1880,30000,4,50,20,1,2,1,800,0.632,0.571,0.714,0.444,30,164,16,5,41.33,37.58,31.14,37.51
1881,30000,4,50,20,1,2,1,150,0.474,0.571,0.571,0.111,30,192,17,6,43.79,37.58,45.46,49.38
1882,30000,4,50,20,1,2,2,300,0.632,0.714,0.714,0.444,30,232,18,7,41.33,24.87,31.14,37.51
1883,30000,4,50,20,1,2,2,800,0.632,0.714,0.714,0.444,30,206,18,6,41.33,24.87,31.14,37.51
1884,30000,4,50,20,1,2,2,150,0.632,0.571,0.571,0.111,30,240,19,7,41.33,37.58,45.46,49.38
1885,30000,4,50,20,2,1,1,300,0.790,0.857,0.857,0.667,23,239,10,7,15.5,7.11,8.41,11.63
1886,30000,4,50,20,2,1,1,800,0.632,0.714,0.857,0.556,25,201,10,6,24.41,18.21,11.47,22.5
1887,30000,4,50,20,2,1,1,150,0.632,0.714,0.714,0.333,22,257,10,7,19.37,15.5,15.5,20.46
1888,30000,4,50,20,2,1,2,300,0.790,0.857,1.000,0.667,23,280,11,7,15.5,7.11,0.01,11.63
1890,30000,4,50,20,2,1,2,150,0.632,0.714,0.857,0.333,21,302,11,8,15.5,11.63,2.33,16.58
1891,30000,4,50,20,2,2,1,300,0.632,0.714,0.857,0.667,32,178,16,6,43.78,31,22.73,31.88
1892,30000,4,50,20,2,2,1,800,0.632,0.714,0.857,0.556,33,156,16,5,47.66,34.87,24.03,39.64
1893,30000,4,50,20,2,2,1,150,0.632,0.571,0.714,0.333,30,184,17,6,41.33,37.58,31.14,45.76
1894,30000,4,50,20,2,2,2,300,0.790,0.857,0.857,0.667,33,222,18,7,30.99,17.76,24.03,31.88
1896,30000,4,50,20,2,2,2,150,0.632,0.714,0.714,0.333,30,230,18,7,41.33,24.87,31.14,45.76
1897,30000,4,50,20,3,1,1,300,0.790,0.857,1.000,0.667,23,230,10,7,15.5,7.11,0.01,11.63
1899,30000,4,50,20,3,1,1,150,0.632,0.714,0.857,0.333,22,248,10,7,19.37,15.5,6.2,20.46
1900,30000,4,50,20,3,1,2,300,0.790,0.857,1.000,0.667,23,269,11,7,15.5,7.11,0.01,11.63
1902,30000,4,50,20,3,1,2,150,0.632,0.714,0.857,0.333,21,291,11,8,15.5,11.63,2.33,16.58
1903,30000,4,50,20,3,2,1,300,0.632,0.857,0.857,0.667,32,178,16,6,43.78,17.76,22.73,31.88
1905,30000,4,50,20,3,2,1,150,0.632,0.714,0.714,0.333,30,184,17,6,41.33,24.87,31.14,45.76
1906,30000,4,50,20,3,2,2,300,0.790,0.857,1.000,0.667,33,222,18,7,30.99,17.76,9.09,31.88
1908,30000,4,50,20,3,2,2,150,0.632,0.714,0.857,0.333,30,230,18,7,41.33,24.87,22.73,45.76
1909,30000,4,50,20,4,1,1,300,0.632,0.714,0.857,0.556,21,257,10,7,15.5,11.63,2.33,10.89
1910,30000,4,50,20,4,1,1,800,0.632,0.714,0.714,0.444,22,219,10,6,19.37,15.5,15.5,14.77
1911,30000,4,50,20,4,1,1,150,0.632,0.571,0.714,0.222,20,274,10,7,11.63,11.63,7.75,12.71
1912,30000,4,50,20,4,1,2,300,0.790,0.857,0.857,0.556,21,302,11,8,8.91,2.71,2.33,10.89
1913,30000,4,50,20,4,1,2,800,0.632,0.714,0.857,0.444,22,255,11,7,19.37,15.5,6.2,14.77
1914,30000,4,50,20,4,1,2,150,0.632,0.714,0.714,0.222,19,323,11,8,7.75,3.88,4.55,8.84
1915,30000,4,50,20,4,2,1,300,0.632,0.714,0.714,0.556,30,186,17,6,41.33,24.87,31.14,30.84
1916,30000,4,50,20,4,2,1,800,0.632,0.714,0.714,0.444,30,164,16,5,41.33,24.87,31.14,37.51
1917,30000,4,50,20,4,2,1,150,0.632,0.571,0.571,0.222,30,192,17,6,41.33,37.58,45.46,45.76
1918,30000,4,50,20,4,2,2,300,0.632,0.714,0.857,0.556,30,232,18,7,41.33,24.87,22.73,30.84
1919,30000,4,50,20,4,2,2,800,0.632,0.714,0.714,0.444,30,206,18,6,41.33,24.87,31.14,37.51
1920,30000,4,50,20,4,2,2,150,0.632,0.571,0.714,0.222,30,240,19,7,41.33,37.58,31.14,45.76
1921,30000,4,50,20,5,1,1,300,0.790,0.857,0.857,0.667,23,231,10,7,15.5,7.11,8.41,11.63
1923,30000,4,50,20,5,1,1,150,0.632,0.714,0.857,0.333,22,248,10,7,19.37,15.5,6.2,20.46
1924,30000,4,50,20,5,1,2,300,0.790,0.857,1.000,0.667,23,270,11,7,15.5,7.11,0.01,11.63
1926,30000,4,50,20,5,1,2,150,0.632,0.714,0.857,0.333,21,291,11,8,15.5,11.63,2.33,16.58
1927,30000,4,50,20,5,2,1,300,0.632,0.857,0.857,0.667,32,178,16,6,43.78,17.76,22.73,31.88
1929,30000,4,50,20,5,2,1,150,0.632,0.714,0.714,0.333,30,184,17,6,41.33,24.87,31.14,45.76
1930,30000,4,50,20,5,2,2,300,0.790,0.857,0.857,0.667,33,222,18,7,30.99,17.76,24.03,31.88
1932,30000,4,50,20,5,2,2,150,0.632,0.714,0.857,0.333,30,230,18,7,41.33,24.87,22.73,45.76
1933,30000,4,50,20,6,1,1,300,0.790,0.857,1.000,0.667,23,221,10,6,15.5,7.11,0.01,11.63
1935,30000,4,50,20,6,1,1,150,0.632,0.714,0.857,0.333,22,239,10,7,19.37,15.5,6.2,20.46
1936,30000,4,50,20,6,1,2,300,0.790,0.857,1.000,0.667,23,258,11,7,15.5,7.11,0.01,11.63
1938,30000,4,50,20,6,1,2,150,0.632,0.714,0.857,0.333,21,280,11,7,15.5,11.63,2.33,16.58
1939,30000,4,50,20,6,2,1,300,0.632,0.857,0.857,0.667,32,178,16,6,43.78,17.76,22.73,31.88
1941,30000,4,50,20,6,2,1,150,0.632,0.714,0.714,0.333,30,184,17,6,41.33,24.87,31.14,45.76
1942,30000,4,50,20,6,2,2,300,0.790,0.857,1.000,0.667,33,222,18,7,30.99,17.76,9.09,31.88
1944,30000,4,50,20,6,2,2,150,0.632,0.714,0.857,0.333,30,230,18,7,41.33,24.87,22.73,45.76
